element,web_name,first_name,second_name,team_id,element_type,status,chance_of_playing_this_round,chance_of_playing_next_round,news,news_added,now_cost,selected_by_percent,form,minutes,starts,transfers_in_event,transfers_out_event,ep_this,ep_next,team,snapshot_time,snapshot_date,next_gw,current_gw,next_deadline,hours_to_deadline
1,Raya,David,Raya Martín,1,1,a,NA,NA,,NA,60,30.7,0.0,3330,37,0,0,NA,4.0,ARS,2026-08-03T20:15:49Z,2026-08-03,1,NA,2026-08-21T17:30:00Z,429.24
2,Arrizabalaga,Kepa,Arrizabalaga Revuelta,1,1,a,NA,NA,,NA,50,0.2,0.0,90,1,0,0,NA,2.6,ARS,2026-08-03T20:15:49Z,2026-08-03,1,NA,2026-08-21T17:30:00Z,429.24
3,Meslier,Illan,Meslier,1,1,a,NA,NA,,NA,50,0.1,0.0,0,0,0,0,NA,2.6,ARS,2026-08-03T20:15:49Z,2026-08-03,1,NA,2026-08-21T17:30:00Z,429.24
4,Gabriel,Gabriel,dos Santos Magalhães,1,2,a,NA,NA,,NA,80,25.8,0.0,2750,30,0,0,NA,4.0,ARS,2026-08-03T20:15:49Z,2026-08-03,1,NA,2026-08-21T17:30:00Z,429.24
5,J.Timber,Jurriën,Timber,1,2,i,NA,0,Groin injury - Expected back 21 Aug,2026-07-23T12:01:23.272929Z,65,0.5,0.0,2452,28,0,0,NA,0.0,ARS,2026-08-03T20:15:49Z,2026-08-03,1,NA,2026-08-21T17:30:00Z,429.24
6,Saliba,William,Saliba,1,2,i,NA,0,Back injury - Unknown return date,2026-07-23T12:01:23.289376Z,60,0.5,0.0,2614,30,0,0,NA,0.0,ARS,2026-08-03T20:15:49Z,2026-08-03,1,NA,2026-08-21T17:30:00Z,429.24
7,Lewis-Skelly,Myles,Lewis-Skelly,1,3,a,NA,NA,,NA,55,0.3,0.0,697,5,0,0,NA,2.0,ARS,2026-08-03T20:15:49Z,2026-08-03,1,NA,2026-08-21T17:30:00Z,429.24
8,Calafiori,Riccardo,Calafiori,1,2,a,NA,NA,,NA,55,15.1,0.0,1697,22,0,0,NA,2.5,ARS,2026-08-03T20:15:49Z,2026-08-03,1,NA,2026-08-21T17:30:00Z,429.24
9,Hincapie,Piero,Hincapié,1,2,a,NA,NA,,NA,55,4.4,0.0,1787,20,0,0,NA,2.5,ARS,2026-08-03T20:15:49Z,2026-08-03,1,NA,2026-08-21T17:30:00Z,429.24
10,White,Benjamin,White,1,2,a,NA,100,,2026-07-23T12:01:23.305229Z,55,0.2,0.0,699,9,0,0,NA,2.5,ARS,2026-08-03T20:15:49Z,2026-08-03,1,NA,2026-08-21T17:30:00Z,429.24
11,Mosquera,Cristhian,Mosquera,1,2,a,NA,NA,,NA,55,16.8,0.0,986,9,0,0,NA,2.5,ARS,2026-08-03T20:15:49Z,2026-08-03,1,NA,2026-08-21T17:30:00Z,429.24
12,Saka,Bukayo,Saka,1,3,a,NA,NA,,NA,95,10.6,0.0,2218,25,0,0,NA,3.2,ARS,2026-08-03T20:15:49Z,2026-08-03,1,NA,2026-08-21T17:30:00Z,429.24
13,Rice,Declan,Rice,1,3,a,NA,NA,,NA,75,22.3,0.0,3093,35,0,0,NA,2.6,ARS,2026-08-03T20:15:49Z,2026-08-03,1,NA,2026-08-21T17:30:00Z,429.24
14,Eze,Eberechi,Eze,1,3,a,NA,NA,,NA,65,3.3,0.0,1885,22,0,0,NA,2.3,ARS,2026-08-03T20:15:49Z,2026-08-03,1,NA,2026-08-21T17:30:00Z,429.24
15,Ødegaard,Martin,Ødegaard,1,3,a,NA,NA,,NA,65,3.0,0.0,1363,16,0,0,NA,2.3,ARS,2026-08-03T20:15:49Z,2026-08-03,1,NA,2026-08-21T17:30:00Z,429.24
16,Madueke,Noni,Madueke,1,3,a,NA,NA,,NA,65,0.4,0.0,1205,16,0,0,NA,2.3,ARS,2026-08-03T20:15:49Z,2026-08-03,1,NA,2026-08-21T17:30:00Z,429.24
17,Merino,Mikel,Merino Zazón,1,3,a,NA,NA,,NA,60,1.2,0.0,1024,10,0,0,NA,2.1,ARS,2026-08-03T20:15:49Z,2026-08-03,1,NA,2026-08-21T17:30:00Z,429.24
18,Martinelli,Gabriel,Martinelli Silva,1,3,a,NA,NA,,NA,65,0.3,0.0,1065,11,0,0,NA,2.3,ARS,2026-08-03T20:15:49Z,2026-08-03,1,NA,2026-08-21T17:30:00Z,429.24
19,Zubimendi,Martín,Zubimendi Ibáñez,1,3,a,NA,NA,,NA,55,1.5,0.0,2991,34,0,0,NA,2.0,ARS,2026-08-03T20:15:49Z,2026-08-03,1,NA,2026-08-21T17:30:00Z,429.24
20,Dowman,Max,Dowman,1,3,a,NA,NA,,NA,55,0.2,0.0,152,1,0,0,NA,2.0,ARS,2026-08-03T20:15:49Z,2026-08-03,1,NA,2026-08-21T17:30:00Z,429.24
21,Nørgaard,Christian,Nørgaard,1,3,a,NA,NA,,NA,50,0.3,0.0,101,1,0,0,NA,1.5,ARS,2026-08-03T20:15:49Z,2026-08-03,1,NA,2026-08-21T17:30:00Z,429.24
22,Nwaneri,Ethan,Nwaneri,1,3,a,NA,NA,,NA,55,0.0,0.0,165,0,0,0,NA,2.0,ARS,2026-08-03T20:15:49Z,2026-08-03,1,NA,2026-08-21T17:30:00Z,429.24
23,Fábio Vieira,Fábio,Ferreira Vieira,1,3,a,NA,NA,,NA,55,0.0,0.0,0,0,0,0,NA,2.0,ARS,2026-08-03T20:15:49Z,2026-08-03,1,NA,2026-08-21T17:30:00Z,429.24
24,Nelson,Reiss,Nelson,1,3,a,NA,NA,,NA,55,0.0,0.0,118,0,0,0,NA,2.0,ARS,2026-08-03T20:15:49Z,2026-08-03,1,NA,2026-08-21T17:30:00Z,429.24
25,Gyökeres,Viktor,Gyökeres,1,4,a,NA,NA,,NA,75,13.1,0.0,2217,26,0,0,NA,2.3,ARS,2026-08-03T20:15:49Z,2026-08-03,1,NA,2026-08-21T17:30:00Z,429.24
26,Havertz,Kai,Havertz,1,4,a,NA,NA,,NA,75,4.0,0.0,577,7,0,0,NA,2.3,ARS,2026-08-03T20:15:49Z,2026-08-03,1,NA,2026-08-21T17:30:00Z,429.24
27,G.Jesus,Gabriel,Fernando de Jesus,1,4,a,NA,NA,,NA,60,0.4,0.0,418,3,0,0,NA,2.0,ARS,2026-08-03T20:15:49Z,2026-08-03,1,NA,2026-08-21T17:30:00Z,429.24
557,Tzolis,Christos,Tzolis,1,3,a,NA,NA,,NA,65,1.7,0.0,0,0,0,0,NA,2.3,ARS,2026-08-03T20:15:49Z,2026-08-03,1,NA,2026-08-21T17:30:00Z,429.24
28,Martinez,Emiliano,Martínez Romero,2,1,a,NA,NA,,NA,50,4.6,0.0,2835,32,0,0,NA,2.6,AVL,2026-08-03T20:15:49Z,2026-08-03,1,NA,2026-08-21T17:30:00Z,429.24
29,M.Bizot,Marco,Bizot,2,1,a,NA,NA,,NA,45,0.1,0.0,585,6,0,0,NA,1.9,AVL,2026-08-03T20:15:49Z,2026-08-03,1,NA,2026-08-21T17:30:00Z,429.24
30,Digne,Lucas,Digne,2,2,a,NA,NA,,NA,45,1.4,0.0,1842,21,0,0,NA,1.7,AVL,2026-08-03T20:15:49Z,2026-08-03,1,NA,2026-08-21T17:30:00Z,429.24
31,Konsa,Ezri,Konsa Ngoyo,2,2,a,NA,NA,,NA,45,17.5,0.0,3035,34,0,0,NA,1.7,AVL,2026-08-03T20:15:49Z,2026-08-03,1,NA,2026-08-21T17:30:00Z,429.24
32,Cash,Matty,Cash,2,2,a,NA,NA,,NA,45,7.8,0.0,3016,34,0,0,NA,1.7,AVL,2026-08-03T20:15:49Z,2026-08-03,1,NA,2026-08-21T17:30:00Z,429.24
33,Mings,Tyrone,Mings,2,2,a,NA,NA,,NA,45,0.2,0.0,1322,15,0,0,NA,1.7,AVL,2026-08-03T20:15:49Z,2026-08-03,1,NA,2026-08-21T17:30:00Z,429.24
34,Pau,Pau,Torres,2,2,a,NA,NA,,NA,45,0.2,0.0,1673,18,0,0,NA,1.7,AVL,2026-08-03T20:15:49Z,2026-08-03,1,NA,2026-08-21T17:30:00Z,429.24
35,Bogarde,Lamare,Bogarde,2,3,a,NA,NA,,NA,50,0.1,0.0,1042,11,0,0,NA,1.5,AVL,2026-08-03T20:15:49Z,2026-08-03,1,NA,2026-08-21T17:30:00Z,429.24
36,Maatsen,Ian,Maatsen,2,2,a,NA,NA,,NA,45,0.6,0.0,1590,17,0,0,NA,1.7,AVL,2026-08-03T20:15:49Z,2026-08-03,1,NA,2026-08-21T17:30:00Z,429.24
37,Lindelöf,Victor,Lindelöf,2,2,a,NA,NA,,NA,45,0.2,0.0,942,11,0,0,NA,1.7,AVL,2026-08-03T20:15:49Z,2026-08-03,1,NA,2026-08-21T17:30:00Z,429.24
38,A.García,Andrés,García,2,2,a,NA,NA,,NA,40,1.5,0.0,83,1,0,0,NA,1.0,AVL,2026-08-03T20:15:49Z,2026-08-03,1,NA,2026-08-21T17:30:00Z,429.24
39,Nedeljkovic,Kosta,Nedeljkovic,2,2,a,NA,NA,,NA,40,0.4,0.0,0,0,0,0,NA,1.0,AVL,2026-08-03T20:15:49Z,2026-08-03,1,NA,2026-08-21T17:30:00Z,429.24
41,Buendía,Emiliano,Buendía Stati,2,3,a,NA,NA,,NA,60,0.8,0.0,1753,21,0,0,NA,2.1,AVL,2026-08-03T20:15:49Z,2026-08-03,1,NA,2026-08-21T17:30:00Z,429.24
42,Guessand,Evann,Guessand,2,3,a,NA,NA,,NA,55,0.0,0.0,909,9,0,0,NA,2.0,AVL,2026-08-03T20:15:49Z,2026-08-03,1,NA,2026-08-21T17:30:00Z,429.24
44,Bailey,Leon,Bailey,2,3,a,NA,NA,,NA,55,0.1,0.0,450,3,0,0,NA,2.0,AVL,2026-08-03T20:15:49Z,2026-08-03,1,NA,2026-08-21T17:30:00Z,429.24
45,McGinn,John,McGinn,2,3,a,NA,NA,,NA,55,2.7,0.0,2136,28,0,0,NA,2.0,AVL,2026-08-03T20:15:49Z,2026-08-03,1,NA,2026-08-21T17:30:00Z,429.24
46,Barkley,Ross,Barkley,2,3,a,NA,NA,,NA,50,0.2,0.0,844,7,0,0,NA,1.5,AVL,2026-08-03T20:15:49Z,2026-08-03,1,NA,2026-08-21T17:30:00Z,429.24
47,Kamara,Boubacar,Kamara,2,3,d,NA,75,Knee injury - 75% chance of playing,2026-07-23T12:01:23.337269Z,50,0.1,0.0,1410,17,0,0,NA,1.1,AVL,2026-08-03T20:15:49Z,2026-08-03,1,NA,2026-08-21T17:30:00Z,429.24
48,Onana,Amadou,Onana,2,3,i,NA,0,Knee injury - Unknown return date,2026-07-23T12:01:23.352497Z,50,0.0,0.0,1755,21,0,0,NA,0.0,AVL,2026-08-03T20:15:49Z,2026-08-03,1,NA,2026-08-21T17:30:00Z,429.24
49,Iling Jr,Samuel,Iling-Junior,2,3,a,NA,NA,,NA,50,0.0,0.0,0,0,0,0,NA,1.5,AVL,2026-08-03T20:15:49Z,2026-08-03,1,NA,2026-08-21T17:30:00Z,429.24
50,Burrowes,Bradley,Burrowes,2,3,a,NA,NA,,NA,45,1.0,0.0,16,0,0,0,NA,1.0,AVL,2026-08-03T20:15:49Z,2026-08-03,1,NA,2026-08-21T17:30:00Z,429.24
51,George Hemmings,George,Hemmings,2,3,a,NA,NA,,NA,45,0.3,0.0,25,0,0,0,NA,1.0,AVL,2026-08-03T20:15:49Z,2026-08-03,1,NA,2026-08-21T17:30:00Z,429.24
52,Alysson,Alysson Edward Franco,da Rocha dos Santos,2,3,a,NA,NA,,NA,50,0.0,0.0,47,0,0,0,NA,1.5,AVL,2026-08-03T20:15:49Z,2026-08-03,1,NA,2026-08-21T17:30:00Z,429.24
53,Manzambi,Johan,Manzambi,2,3,a,NA,NA,,NA,60,2.5,0.0,0,0,0,0,NA,2.1,AVL,2026-08-03T20:15:49Z,2026-08-03,1,NA,2026-08-21T17:30:00Z,429.24
54,Gomes,Joao,Gomes,2,3,a,NA,NA,,NA,55,0.3,0.0,2207,25,0,0,NA,2.0,AVL,2026-08-03T20:15:49Z,2026-08-03,1,NA,2026-08-21T17:30:00Z,429.24
55,Watkins,Ollie,Watkins,2,4,a,NA,NA,,NA,80,12.3,0.0,2833,33,0,0,NA,2.5,AVL,2026-08-03T20:15:49Z,2026-08-03,1,NA,2026-08-21T17:30:00Z,429.24
56,Abraham,Tammy,Abraham,2,4,i,NA,0,Shoulder injury - Expected back 23 Aug,2026-07-23T12:01:23.368701Z,55,0.0,0.0,278,2,0,0,NA,0.0,AVL,2026-08-03T20:15:49Z,2026-08-03,1,NA,2026-08-21T17:30:00Z,429.24
160,Garnacho,Alejandro,Garnacho Ferreyra,2,3,a,NA,NA,,NA,60,1.1,0.0,1261,14,0,0,NA,2.1,AVL,2026-08-03T20:15:49Z,2026-08-03,1,NA,2026-08-21T17:30:00Z,429.24
57,Petrović,Đorđe,Petrović,3,1,a,NA,NA,,NA,45,3.6,0.0,3420,38,0,0,NA,1.9,BOU,2026-08-03T20:15:49Z,2026-08-03,1,NA,2026-08-21T17:30:00Z,429.24
58,Forster,Fraser,Forster,3,1,a,NA,NA,,NA,40,3.1,0.0,0,0,0,0,NA,1.0,BOU,2026-08-03T20:15:49Z,2026-08-03,1,NA,2026-08-21T17:30:00Z,429.24
59,Dennis,Will,Dennis,3,1,a,NA,NA,,NA,40,0.2,0.0,0,0,0,0,NA,1.0,BOU,2026-08-03T20:15:49Z,2026-08-03,1,NA,2026-08-21T17:30:00Z,429.24
60,Hill,James,Hill,3,2,a,NA,NA,,NA,55,1.3,0.0,2102,22,0,0,NA,2.5,BOU,2026-08-03T20:15:49Z,2026-08-03,1,NA,2026-08-21T17:30:00Z,429.24
61,Truffert,Adrien,Truffert,3,2,a,NA,NA,,NA,55,4.6,0.0,3378,38,0,0,NA,2.5,BOU,2026-08-03T20:15:49Z,2026-08-03,1,NA,2026-08-21T17:30:00Z,429.24
62,Diakité,Bafodé,Diakité,3,2,a,NA,NA,,NA,50,0.2,0.0,1275,15,0,0,NA,2.2,BOU,2026-08-03T20:15:49Z,2026-08-03,1,NA,2026-08-21T17:30:00Z,429.24
63,Milosavljević,Veljko,Milosavljevic,3,2,a,NA,NA,,NA,50,0.1,0.0,367,4,0,0,NA,2.2,BOU,2026-08-03T20:15:49Z,2026-08-03,1,NA,2026-08-21T17:30:00Z,429.24
64,Smith,Adam,Smith,3,2,a,NA,NA,,NA,45,0.1,0.0,1073,14,0,0,NA,1.7,BOU,2026-08-03T20:15:49Z,2026-08-03,1,NA,2026-08-21T17:30:00Z,429.24
65,J.Araujo,Julián,Araujo Zúñiga,3,2,a,NA,NA,,NA,45,0.1,0.0,0,0,0,0,NA,1.7,BOU,2026-08-03T20:15:49Z,2026-08-03,1,NA,2026-08-21T17:30:00Z,429.24
66,Soler,Julio,Soler Barreto,3,2,a,NA,NA,,NA,40,0.6,0.0,34,0,0,0,NA,1.0,BOU,2026-08-03T20:15:49Z,2026-08-03,1,NA,2026-08-21T17:30:00Z,429.24
67,Rayan,Rayan Vitor,Simplício Rocha,3,3,a,NA,NA,,NA,65,3.4,0.0,1110,13,0,0,NA,2.3,BOU,2026-08-03T20:15:49Z,2026-08-03,1,NA,2026-08-21T17:30:00Z,429.24
68,Tavernier,Marcus,Tavernier,3,3,a,NA,NA,,NA,60,1.9,0.0,2732,31,0,0,NA,2.1,BOU,2026-08-03T20:15:49Z,2026-08-03,1,NA,2026-08-21T17:30:00Z,429.24
69,Scott,Alex,Scott,3,3,a,NA,NA,,NA,60,1.6,0.0,2848,34,0,0,NA,2.1,BOU,2026-08-03T20:15:49Z,2026-08-03,1,NA,2026-08-21T17:30:00Z,429.24
70,Kluivert,Justin,Kluivert,3,3,a,NA,NA,,NA,60,0.9,0.0,945,10,0,0,NA,2.1,BOU,2026-08-03T20:15:49Z,2026-08-03,1,NA,2026-08-21T17:30:00Z,429.24
71,Cook,Lewis,Cook,3,3,a,NA,NA,,NA,50,0.1,0.0,872,8,0,0,NA,1.5,BOU,2026-08-03T20:15:49Z,2026-08-03,1,NA,2026-08-21T17:30:00Z,429.24
72,Gannon-Doak,Ben,Gannon-Doak,3,3,a,NA,NA,,NA,50,0.2,0.0,105,0,0,0,NA,1.5,BOU,2026-08-03T20:15:49Z,2026-08-03,1,NA,2026-08-21T17:30:00Z,429.24
73,Adams,Tyler,Adams,3,3,a,NA,NA,,NA,50,0.7,0.0,1769,21,0,0,NA,1.5,BOU,2026-08-03T20:15:49Z,2026-08-03,1,NA,2026-08-21T17:30:00Z,429.24
74,Brooks,David,Brooks,3,3,a,NA,NA,,NA,50,0.2,0.0,1188,13,0,0,NA,1.5,BOU,2026-08-03T20:15:49Z,2026-08-03,1,NA,2026-08-21T17:30:00Z,429.24
75,Christie,Ryan,Christie,3,3,s,NA,0,Suspended until 29 Aug,2026-07-24T17:30:10.035483Z,50,0.0,0.0,978,9,0,0,NA,0.0,BOU,2026-08-03T20:15:49Z,2026-08-03,1,NA,2026-08-21T17:30:00Z,429.24
76,Tóth.A,Alex,Tóth,3,3,a,NA,NA,,NA,50,0.0,0.0,135,2,0,0,NA,1.5,BOU,2026-08-03T20:15:49Z,2026-08-03,1,NA,2026-08-21T17:30:00Z,429.24
77,Adli,Amine,Adli,3,3,a,NA,NA,,NA,50,0.2,0.0,1074,10,0,0,NA,1.5,BOU,2026-08-03T20:15:49Z,2026-08-03,1,NA,2026-08-21T17:30:00Z,429.24
78,Kroupi.Jr,Junior,Kroupi,3,3,i,NA,0,Foot injury - Unknown return date,2026-07-29T17:30:09.796802Z,75,6.4,0.0,1663,21,0,0,NA,0.0,BOU,2026-08-03T20:15:49Z,2026-08-03,1,NA,2026-08-21T17:30:00Z,429.24
79,Evanilson,Francisco Evanilson,de Lima Barbosa,3,4,a,NA,NA,,NA,60,2.0,0.0,2741,32,0,0,NA,2.0,BOU,2026-08-03T20:15:49Z,2026-08-03,1,NA,2026-08-21T17:30:00Z,429.24
80,Enes Ünal,Enes,Ünal,3,4,a,NA,NA,,NA,55,0.2,0.0,214,0,0,0,NA,1.8,BOU,2026-08-03T20:15:49Z,2026-08-03,1,NA,2026-08-21T17:30:00Z,429.24
81,Rodríguez,Álvaro,Rodríguez,3,4,a,NA,NA,,NA,60,0.3,0.0,0,0,0,0,NA,2.0,BOU,2026-08-03T20:15:49Z,2026-08-03,1,NA,2026-08-21T17:30:00Z,429.24
566,Silva,António João,Pereira de Albuquerque Tavares da Silva,3,2,a,NA,NA,,NA,50,0.0,0.0,0,0,0,0,NA,2.2,BOU,2026-08-03T20:15:49Z,2026-08-03,1,NA,2026-08-21T17:30:00Z,429.24
82,Kelleher,Caoimhín,Kelleher,4,1,a,NA,NA,,NA,50,5.6,0.0,3330,37,0,0,NA,2.6,BRE,2026-08-03T20:15:49Z,2026-08-03,1,NA,2026-08-21T17:30:00Z,429.24
83,Valdimarsson,Hákon Rafn,Valdimarsson,4,1,a,NA,NA,,NA,45,0.1,0.0,90,1,0,0,NA,1.9,BRE,2026-08-03T20:15:49Z,2026-08-03,1,NA,2026-08-21T17:30:00Z,429.24
84,Collins,Nathan,Collins,4,2,a,NA,NA,,NA,55,2.0,0.0,2971,32,0,0,NA,2.5,BRE,2026-08-03T20:15:49Z,2026-08-03,1,NA,2026-08-21T17:30:00Z,429.24
85,Van den Berg,Sepp,van den Berg,4,2,a,NA,NA,,NA,50,0.7,0.0,2761,30,0,0,NA,2.2,BRE,2026-08-03T20:15:49Z,2026-08-03,1,NA,2026-08-21T17:30:00Z,429.24
86,Lewis-Potter,Keane,Lewis-Potter,4,3,a,NA,NA,,NA,55,0.5,0.0,1960,22,0,0,NA,2.0,BRE,2026-08-03T20:15:49Z,2026-08-03,1,NA,2026-08-21T17:30:00Z,429.24
87,Ajer,Kristoffer,Ajer,4,2,a,NA,NA,,NA,45,1.1,0.0,1805,20,0,0,NA,1.7,BRE,2026-08-03T20:15:49Z,2026-08-03,1,NA,2026-08-21T17:30:00Z,429.24
88,Kayode,Michael,Kayode,4,2,a,NA,NA,,NA,45,4.2,0.0,3258,37,0,0,NA,1.7,BRE,2026-08-03T20:15:49Z,2026-08-03,1,NA,2026-08-21T17:30:00Z,429.24
89,Henry,Rico,Henry,4,2,a,NA,NA,,NA,45,0.2,0.0,1322,14,0,0,NA,1.7,BRE,2026-08-03T20:15:49Z,2026-08-03,1,NA,2026-08-21T17:30:00Z,429.24
90,Hickey,Aaron,Hickey,4,2,a,NA,NA,,NA,45,0.1,0.0,679,8,0,0,NA,1.7,BRE,2026-08-03T20:15:49Z,2026-08-03,1,NA,2026-08-21T17:30:00Z,429.24
91,Pinnock,Ethan,Pinnock,4,2,a,NA,NA,,NA,45,0.1,0.0,318,4,0,0,NA,1.7,BRE,2026-08-03T20:15:49Z,2026-08-03,1,NA,2026-08-21T17:30:00Z,429.24
92,Ji-soo,Kim,Ji-soo,4,2,a,NA,NA,,NA,45,0.0,0.0,0,0,0,0,NA,1.7,BRE,2026-08-03T20:15:49Z,2026-08-03,1,NA,2026-08-21T17:30:00Z,429.24
93,Schuster,Jannik,Schuster,4,2,a,NA,NA,,NA,45,0.1,0.0,0,0,0,0,NA,1.7,BRE,2026-08-03T20:15:49Z,2026-08-03,1,NA,2026-08-21T17:30:00Z,429.24
94,Schade,Kevin,Schade,4,3,a,NA,NA,,NA,60,2.3,0.0,2744,32,0,0,NA,2.1,BRE,2026-08-03T20:15:49Z,2026-08-03,1,NA,2026-08-21T17:30:00Z,429.24
95,O.Dango,Dango,Ouattara,4,3,a,NA,NA,,NA,65,1.3,0.0,2271,25,0,0,NA,2.3,BRE,2026-08-03T20:15:49Z,2026-08-03,1,NA,2026-08-21T17:30:00Z,429.24
96,Damsgaard,Mikkel,Damsgaard,4,3,a,NA,NA,,NA,55,0.7,0.0,2046,24,0,0,NA,2.0,BRE,2026-08-03T20:15:49Z,2026-08-03,1,NA,2026-08-21T17:30:00Z,429.24
97,Jensen,Mathias,Jensen,4,3,a,NA,NA,,NA,55,0.1,0.0,2239,26,0,0,NA,2.0,BRE,2026-08-03T20:15:49Z,2026-08-03,1,NA,2026-08-21T17:30:00Z,429.24
98,Janelt,Vitaly,Janelt,4,3,a,NA,NA,,NA,50,0.1,0.0,1434,15,0,0,NA,1.5,BRE,2026-08-03T20:15:49Z,2026-08-03,1,NA,2026-08-21T17:30:00Z,429.24
99,Milambo,Antoni,Milambo,4,3,d,NA,75,Knee injury - 75% chance of playing,2026-07-23T12:01:23.384798Z,50,0.0,0.0,45,1,0,0,NA,1.1,BRE,2026-08-03T20:15:49Z,2026-08-03,1,NA,2026-08-21T17:30:00Z,429.24
100,Carvalho,Fábio,Freitas Gouveia Carvalho,4,3,i,NA,0,Knee injury - Unknown return date,2026-07-23T12:01:23.400917Z,50,0.0,0.0,100,1,0,0,NA,0.0,BRE,2026-08-03T20:15:49Z,2026-08-03,1,NA,2026-08-21T17:30:00Z,429.24
101,Henderson,Jordan,Henderson,4,3,u,NA,0,has departed the club as a free agent.,2026-07-23T12:01:23.416721Z,50,0.0,0.0,1911,22,0,0,NA,0.0,BRE,2026-08-03T20:15:49Z,2026-08-03,1,NA,2026-08-21T17:30:00Z,429.24
102,Yarmoliuk,Yehor,Yarmoliuk,4,3,a,NA,NA,,NA,50,1.5,0.0,2652,30,0,0,NA,1.5,BRE,2026-08-03T20:15:49Z,2026-08-03,1,NA,2026-08-21T17:30:00Z,429.24
103,Dasilva,Josh,Dasilva,4,3,a,NA,NA,,NA,50,0.0,0.0,2,0,0,0,NA,1.5,BRE,2026-08-03T20:15:49Z,2026-08-03,1,NA,2026-08-21T17:30:00Z,429.24
105,Anthony,Jaidon,Anthony,4,3,a,NA,NA,,NA,60,0.2,0.0,0,0,0,0,NA,2.1,BRE,2026-08-03T20:15:49Z,2026-08-03,1,NA,2026-08-21T17:30:00Z,429.24
106,Thiago,Igor Thiago,Nascimento Rodrigues,4,4,a,NA,NA,,NA,80,15.8,0.0,3282,37,0,0,NA,2.5,BRE,2026-08-03T20:15:49Z,2026-08-03,1,NA,2026-08-21T17:30:00Z,429.24
107,Furo,Kaye,Furo,4,4,a,NA,NA,,NA,45,0.9,0.0,1,0,0,0,NA,1.0,BRE,2026-08-03T20:15:49Z,2026-08-03,1,NA,2026-08-21T17:30:00Z,429.24
108,Wilson,Callum,Wilson,4,4,a,NA,NA,,NA,55,0.4,0.0,0,0,0,0,NA,1.8,BRE,2026-08-03T20:15:49Z,2026-08-03,1,NA,2026-08-21T17:30:00Z,429.24
565,Sangaré,Mamadou,Sangaré,4,3,a,NA,NA,,NA,55,0.3,0.0,0,0,0,0,NA,2.0,BRE,2026-08-03T20:15:49Z,2026-08-03,1,NA,2026-08-21T17:30:00Z,429.24
109,Verbruggen,Bart,Verbruggen,5,1,a,NA,NA,,NA,45,16.7,0.0,3420,38,0,0,NA,1.9,BHA,2026-08-03T20:15:49Z,2026-08-03,1,NA,2026-08-21T17:30:00Z,429.24
110,Rushworth,Carl,Rushworth,5,1,a,NA,NA,,NA,45,0.6,0.0,0,0,0,0,NA,1.9,BHA,2026-08-03T20:15:49Z,2026-08-03,1,NA,2026-08-21T17:30:00Z,429.24
111,Steele,Jason,Steele,5,1,a,NA,NA,,NA,40,4.8,0.0,0,0,0,0,NA,1.0,BHA,2026-08-03T20:15:49Z,2026-08-03,1,NA,2026-08-21T17:30:00Z,429.24
113,F.Kadıoğlu,Ferdi,Kadıoğlu,5,2,a,NA,NA,,NA,45,3.0,0.0,3130,34,0,0,NA,1.7,BHA,2026-08-03T20:15:49Z,2026-08-03,1,NA,2026-08-21T17:30:00Z,429.24
114,Boscagli,Olivier,Boscagli,5,2,a,NA,NA,,NA,45,0.1,0.0,799,9,0,0,NA,1.7,BHA,2026-08-03T20:15:49Z,2026-08-03,1,NA,2026-08-21T17:30:00Z,429.24
115,De Cuyper,Maxim,De Cuyper,5,2,a,NA,NA,,NA,45,1.5,0.0,1404,17,0,0,NA,1.7,BHA,2026-08-03T20:15:49Z,2026-08-03,1,NA,2026-08-21T17:30:00Z,429.24
116,Dunk,Lewis,Dunk,5,2,a,NA,NA,,NA,45,0.7,0.0,2837,31,0,0,NA,1.7,BHA,2026-08-03T20:15:49Z,2026-08-03,1,NA,2026-08-21T17:30:00Z,429.24
117,Coppola,Diego,Coppola,5,2,a,NA,NA,,NA,45,0.0,0.0,193,2,0,0,NA,1.7,BHA,2026-08-03T20:15:49Z,2026-08-03,1,NA,2026-08-21T17:30:00Z,429.24
118,Igor,Igor Julio,dos Santos de Paulo,5,2,a,NA,NA,,NA,45,0.1,0.0,103,1,0,0,NA,1.7,BHA,2026-08-03T20:15:49Z,2026-08-03,1,NA,2026-08-21T17:30:00Z,429.24
119,Costinha,João Pedro,Loureiro da Costa,5,2,a,NA,NA,,NA,45,0.0,0.0,0,0,0,0,NA,1.7,BHA,2026-08-03T20:15:49Z,2026-08-03,1,NA,2026-08-21T17:30:00Z,429.24
120,Svoboda,Michael,Svoboda,5,2,a,NA,NA,,NA,50,0.1,0.0,0,0,0,0,NA,2.2,BHA,2026-08-03T20:15:49Z,2026-08-03,1,NA,2026-08-21T17:30:00Z,429.24
121,Mitoma,Mitoma,Kaoru,5,3,i,NA,0,Hamstring injury - Unknown return date,2026-07-24T18:30:10.661894Z,60,0.2,0.0,1714,19,0,0,NA,0.0,BHA,2026-08-03T20:15:49Z,2026-08-03,1,NA,2026-08-21T17:30:00Z,429.24
122,Minteh,Yankuba,Minteh,5,3,a,NA,NA,,NA,60,0.7,0.0,2389,26,0,0,NA,2.1,BHA,2026-08-03T20:15:49Z,2026-08-03,1,NA,2026-08-21T17:30:00Z,429.24
123,Hinshelwood,Jack,Hinshelwood,5,3,a,NA,NA,,NA,60,0.3,0.0,1736,20,0,0,NA,2.1,BHA,2026-08-03T20:15:49Z,2026-08-03,1,NA,2026-08-21T17:30:00Z,429.24
124,Groß,Pascal,Groß,5,3,a,NA,NA,,NA,55,6.9,0.0,1636,18,0,0,NA,2.0,BHA,2026-08-03T20:15:49Z,2026-08-03,1,NA,2026-08-21T17:30:00Z,429.24
125,Georginio,Georginio,Rutter,5,4,a,NA,NA,,NA,55,0.7,0.0,1776,20,0,0,NA,1.8,BHA,2026-08-03T20:15:49Z,2026-08-03,1,NA,2026-08-21T17:30:00Z,429.24
126,O'Riley,Matt,O'Riley,5,3,a,NA,NA,,NA,55,0.1,0.0,202,2,0,0,NA,2.0,BHA,2026-08-03T20:15:49Z,2026-08-03,1,NA,2026-08-21T17:30:00Z,429.24
127,Gomez,Diego,Gómez Amarilla,5,3,a,NA,NA,,NA,50,1.8,0.0,2117,26,0,0,NA,1.5,BHA,2026-08-03T20:15:49Z,2026-08-03,1,NA,2026-08-21T17:30:00Z,429.24
128,Buonanotte,Facundo,Buonanotte,5,3,a,NA,NA,,NA,50,0.1,0.0,81,1,0,0,NA,1.5,BHA,2026-08-03T20:15:49Z,2026-08-03,1,NA,2026-08-21T17:30:00Z,429.24
129,Ayari,Yasin,Ayari,5,3,a,NA,NA,,NA,55,0.5,0.0,1921,20,0,0,NA,2.0,BHA,2026-08-03T20:15:49Z,2026-08-03,1,NA,2026-08-21T17:30:00Z,429.24
130,Wieffer,Mats,Wieffer,5,2,a,NA,NA,,NA,50,0.3,0.0,1901,23,0,0,NA,2.2,BHA,2026-08-03T20:15:49Z,2026-08-03,1,NA,2026-08-21T17:30:00Z,429.24
131,Baleba,Carlos,Baleba,5,3,a,NA,NA,,NA,50,0.6,0.0,1646,23,0,0,NA,1.5,BHA,2026-08-03T20:15:49Z,2026-08-03,1,NA,2026-08-21T17:30:00Z,429.24
132,Howell,Harry,Howell,5,3,a,NA,NA,,NA,45,0.3,0.0,92,1,0,0,NA,1.0,BHA,2026-08-03T20:15:49Z,2026-08-03,1,NA,2026-08-21T17:30:00Z,429.24
133,Watson,Tom,Watson,5,3,u,NA,0,Has joined Leicester City on loan for the rest of the season,2026-08-03T14:05:44.459483Z,50,0.0,0.0,57,0,0,0,NA,0.0,BHA,2026-08-03T20:15:49Z,2026-08-03,1,NA,2026-08-21T17:30:00Z,429.24
134,Oriola,Nehemiah,Oriola,5,3,a,NA,NA,,NA,45,0.2,0.0,1,0,0,0,NA,1.0,BHA,2026-08-03T20:15:49Z,2026-08-03,1,NA,2026-08-21T17:30:00Z,429.24
135,Yohanna,Zadok,Yohanna,5,3,a,NA,NA,,NA,50,0.1,0.0,0,0,0,0,NA,1.5,BHA,2026-08-03T20:15:49Z,2026-08-03,1,NA,2026-08-21T17:30:00Z,429.24
137,Tzimas,Stefanos,Tzimas,5,4,d,NA,75,Knee injury - 75% chance of playing,2026-07-23T12:01:23.432796Z,55,0.0,0.0,132,1,0,0,NA,1.3,BHA,2026-08-03T20:15:49Z,2026-08-03,1,NA,2026-08-21T17:30:00Z,429.24
138,Kostoulas,Charalampos,Kostoulas,5,4,a,NA,NA,,NA,55,0.3,0.0,351,2,0,0,NA,1.8,BHA,2026-08-03T20:15:49Z,2026-08-03,1,NA,2026-08-21T17:30:00Z,429.24
139,Ferguson,Evan,Ferguson,5,4,i,NA,0,Ankle injury - Expected back 10 Oct,2026-07-23T12:01:23.448357Z,50,0.0,0.0,0,0,0,0,NA,0.0,BHA,2026-08-03T20:15:49Z,2026-08-03,1,NA,2026-08-21T17:30:00Z,429.24
328,Struijk,Pascal,Struijk,5,2,a,NA,NA,,NA,50,0.5,0.0,2935,33,0,0,NA,2.2,BHA,2026-08-03T20:15:49Z,2026-08-03,1,NA,2026-08-21T17:30:00Z,429.24
504,Vuskovic,Luka,Vušković,5,2,a,NA,NA,,NA,50,3.0,0.0,0,0,0,0,NA,2.2,BHA,2026-08-03T20:15:49Z,2026-08-03,1,NA,2026-08-21T17:30:00Z,429.24
40,Rogers,Morgan,Rogers,6,3,a,NA,NA,,NA,75,30.8,0.0,3280,37,0,0,NA,2.6,CHE,2026-08-03T20:15:49Z,2026-08-03,1,NA,2026-08-21T17:30:00Z,429.24
136,Welbeck,Danny,Welbeck,6,4,a,NA,NA,,NA,60,2.8,0.0,2249,26,0,0,NA,2.0,CHE,2026-08-03T20:15:49Z,2026-08-03,1,NA,2026-08-21T17:30:00Z,429.24
140,Sánchez,Robert,Lynch Sánchez,6,1,a,NA,NA,,NA,50,2.0,0.0,3040,35,0,0,NA,2.6,CHE,2026-08-03T20:15:49Z,2026-08-03,1,NA,2026-08-21T17:30:00Z,429.24
141,Jörgensen,Filip,Jörgensen,6,1,a,NA,NA,,NA,50,0.1,0.0,378,3,0,0,NA,2.6,CHE,2026-08-03T20:15:49Z,2026-08-03,1,NA,2026-08-21T17:30:00Z,429.24
142,James,Reece,James,6,2,a,NA,NA,,NA,55,8.0,0.0,1957,20,0,0,NA,2.5,CHE,2026-08-03T20:15:49Z,2026-08-03,1,NA,2026-08-21T17:30:00Z,429.24
143,Chalobah,Trevoh,Chalobah,6,2,a,NA,NA,,NA,55,2.1,0.0,2780,31,0,0,NA,2.5,CHE,2026-08-03T20:15:49Z,2026-08-03,1,NA,2026-08-21T17:30:00Z,429.24
144,Gusto,Malo,Gusto,6,2,a,NA,NA,,NA,50,1.2,0.0,2255,26,0,0,NA,2.2,CHE,2026-08-03T20:15:49Z,2026-08-03,1,NA,2026-08-21T17:30:00Z,429.24
145,Fofana,Wesley,Fofana,6,2,s,NA,0,Suspended until 6 Sep,2026-07-23T12:01:23.464591Z,50,0.0,0.0,1718,20,0,0,NA,0.0,CHE,2026-08-03T20:15:49Z,2026-08-03,1,NA,2026-08-21T17:30:00Z,429.24
146,B.Badiashile,Benoît,Badiashile Mukinayi,6,2,a,NA,NA,,NA,45,0.0,0.0,470,6,0,0,NA,1.7,CHE,2026-08-03T20:15:49Z,2026-08-03,1,NA,2026-08-21T17:30:00Z,429.24
147,Tosin,Tosin,Adarabioyo,6,2,a,NA,NA,,NA,45,0.1,0.0,788,8,0,0,NA,1.7,CHE,2026-08-03T20:15:49Z,2026-08-03,1,NA,2026-08-21T17:30:00Z,429.24
148,Hato,Jorrel,Hato,6,2,a,NA,NA,,NA,45,1.2,0.0,1139,12,0,0,NA,1.7,CHE,2026-08-03T20:15:49Z,2026-08-03,1,NA,2026-08-21T17:30:00Z,429.24
149,Colwill,Levi,Samuels Colwill,6,2,a,NA,NA,,NA,50,1.9,0.0,225,2,0,0,NA,2.2,CHE,2026-08-03T20:15:49Z,2026-08-03,1,NA,2026-08-21T17:30:00Z,429.24
150,M.Sarr,Mamadou,Sarr,6,2,a,NA,NA,,NA,45,0.1,0.0,100,1,0,0,NA,1.7,CHE,2026-08-03T20:15:49Z,2026-08-03,1,NA,2026-08-21T17:30:00Z,429.24
151,Acheampong,Josh,Acheampong,6,2,a,NA,NA,,NA,45,0.2,0.0,657,8,0,0,NA,1.7,CHE,2026-08-03T20:15:49Z,2026-08-03,1,NA,2026-08-21T17:30:00Z,429.24
152,Palestra,Marco,Palestra,6,2,a,NA,NA,,NA,55,1.5,0.0,0,0,0,0,NA,2.5,CHE,2026-08-03T20:15:49Z,2026-08-03,1,NA,2026-08-21T17:30:00Z,429.24
153,Disasi,Axel,Disasi,6,2,a,NA,NA,,NA,45,0.1,0.0,0,0,0,0,NA,1.7,CHE,2026-08-03T20:15:49Z,2026-08-03,1,NA,2026-08-21T17:30:00Z,429.24
154,Palmer,Cole,Palmer,6,3,a,NA,NA,,NA,95,12.7,0.0,1954,24,0,0,NA,3.2,CHE,2026-08-03T20:15:49Z,2026-08-03,1,NA,2026-08-21T17:30:00Z,429.24
155,Enzo,Enzo,Fernández,6,3,a,NA,NA,,NA,70,5.4,0.0,3114,35,0,0,NA,2.5,CHE,2026-08-03T20:15:49Z,2026-08-03,1,NA,2026-08-21T17:30:00Z,429.24
156,Neto,Pedro,Lomba Neto,6,3,a,NA,NA,,NA,65,1.3,0.0,2629,30,0,0,NA,2.3,CHE,2026-08-03T20:15:49Z,2026-08-03,1,NA,2026-08-21T17:30:00Z,429.24
157,Estêvão,Estêvão,Almeida de Oliveira Gonçalves,6,3,a,NA,NA,,NA,65,1.7,0.0,839,12,0,0,NA,2.3,CHE,2026-08-03T20:15:49Z,2026-08-03,1,NA,2026-08-21T17:30:00Z,429.24
158,Gittens,Jamie,Bynoe-Gittens,6,3,a,NA,NA,,NA,60,0.1,0.0,486,5,0,0,NA,2.1,CHE,2026-08-03T20:15:49Z,2026-08-03,1,NA,2026-08-21T17:30:00Z,429.24
159,Caicedo,Moisés,Caicedo Corozo,6,3,a,NA,NA,,NA,55,3.8,0.0,2796,32,0,0,NA,2.0,CHE,2026-08-03T20:15:49Z,2026-08-03,1,NA,2026-08-21T17:30:00Z,429.24
161,Lavia,Roméo,Lavia,6,3,a,NA,NA,,NA,50,0.0,0.0,374,4,0,0,NA,1.5,CHE,2026-08-03T20:15:49Z,2026-08-03,1,NA,2026-08-21T17:30:00Z,429.24
163,D.Essugo,Dário,Luís Essugo,6,3,a,NA,NA,,NA,45,0.2,0.0,26,0,0,0,NA,1.0,CHE,2026-08-03T20:15:49Z,2026-08-03,1,NA,2026-08-21T17:30:00Z,429.24
164,Quenda,Geovany,Quenda,6,3,d,NA,75,Unspecified injury - 75% chance of playing,2026-07-24T20:30:10.609931Z,55,0.0,0.0,0,0,0,0,NA,1.5,CHE,2026-08-03T20:15:49Z,2026-08-03,1,NA,2026-08-21T17:30:00Z,429.24
165,João Pedro,João Pedro,Junqueira de Jesus,6,4,a,NA,NA,,NA,75,54.7,0.0,2658,31,0,0,NA,2.3,CHE,2026-08-03T20:15:49Z,2026-08-03,1,NA,2026-08-21T17:30:00Z,429.24
166,N.Jackson,Nicolas,Jackson,6,4,a,NA,NA,,NA,65,0.4,0.0,0,0,0,0,NA,2.1,CHE,2026-08-03T20:15:49Z,2026-08-03,1,NA,2026-08-21T17:30:00Z,429.24
167,Delap,Liam,Delap,6,4,a,NA,NA,,NA,55,0.5,0.0,1092,12,0,0,NA,1.8,CHE,2026-08-03T20:15:49Z,2026-08-03,1,NA,2026-08-21T17:30:00Z,429.24
168,Marc Guiu,Marc,Guiu Paz,6,4,a,NA,NA,,NA,50,0.4,0.0,265,1,0,0,NA,1.4,CHE,2026-08-03T20:15:49Z,2026-08-03,1,NA,2026-08-21T17:30:00Z,429.24
169,Mheuka,Shumaira,Mheuka,6,4,a,NA,NA,,NA,45,0.4,0.0,1,0,0,0,NA,1.0,CHE,2026-08-03T20:15:49Z,2026-08-03,1,NA,2026-08-21T17:30:00Z,429.24
170,Emegha,Emmanuel,Emegha,6,4,d,NA,75,Hamstring injury - 75% chance of playing,2026-07-24T20:30:10.622380Z,50,0.2,0.0,0,0,0,0,NA,1.0,CHE,2026-08-03T20:15:49Z,2026-08-03,1,NA,2026-08-21T17:30:00Z,429.24
200,Lacroix,Maxence,Lacroix,6,2,a,NA,NA,,NA,60,12.0,0.0,3085,35,0,0,NA,2.8,CHE,2026-08-03T20:15:49Z,2026-08-03,1,NA,2026-08-21T17:30:00Z,429.24
560,Penders,Mike,Penders,6,1,a,NA,NA,,NA,45,0.1,0.0,0,0,0,0,NA,1.9,CHE,2026-08-03T20:15:49Z,2026-08-03,1,NA,2026-08-21T17:30:00Z,429.24
561,Anselmino,Aaron,Anselmino,6,2,a,NA,NA,,NA,45,0.0,0.0,0,0,0,0,NA,1.7,CHE,2026-08-03T20:15:49Z,2026-08-03,1,NA,2026-08-21T17:30:00Z,429.24
104,Onyeka,Frank,Onyeka,7,3,a,NA,NA,,NA,50,0.2,0.0,88,0,0,0,NA,1.5,COV,2026-08-03T20:15:49Z,2026-08-03,1,NA,2026-08-21T17:30:00Z,429.24
171,Dovin,Oliver,Dovin,7,1,a,NA,NA,,NA,40,3.0,0.0,0,0,0,0,NA,1.0,COV,2026-08-03T20:15:49Z,2026-08-03,1,NA,2026-08-21T17:30:00Z,429.24
172,Wilson,Ben,Wilson,7,1,a,NA,NA,,NA,45,0.7,0.0,0,0,0,0,NA,1.9,COV,2026-08-03T20:15:49Z,2026-08-03,1,NA,2026-08-21T17:30:00Z,429.24
173,Thomas,Bobby,Thomas,7,2,a,NA,NA,,NA,40,8.7,0.0,0,0,0,0,NA,1.0,COV,2026-08-03T20:15:49Z,2026-08-03,1,NA,2026-08-21T17:30:00Z,429.24
174,Kitching,Liam,Kitching,7,2,a,NA,NA,,NA,40,0.4,0.0,0,0,0,0,NA,1.0,COV,2026-08-03T20:15:49Z,2026-08-03,1,NA,2026-08-21T17:30:00Z,429.24
175,van Ewijk,Milan,van Ewijk,7,2,a,NA,NA,,NA,40,16.7,0.0,0,0,0,0,NA,1.0,COV,2026-08-03T20:15:49Z,2026-08-03,1,NA,2026-08-21T17:30:00Z,429.24
176,Dasilva,Jay,Dasilva,7,2,a,NA,NA,,NA,40,0.4,0.0,0,0,0,0,NA,1.0,COV,2026-08-03T20:15:49Z,2026-08-03,1,NA,2026-08-21T17:30:00Z,429.24
177,Kesler-Hayden,Kaine,Kesler-Hayden,7,2,a,NA,NA,,NA,40,0.1,0.0,0,0,0,0,NA,1.0,COV,2026-08-03T20:15:49Z,2026-08-03,1,NA,2026-08-21T17:30:00Z,429.24
178,Bidwell,Jake,Bidwell,7,2,a,NA,NA,,NA,40,0.1,0.0,0,0,0,0,NA,1.0,COV,2026-08-03T20:15:49Z,2026-08-03,1,NA,2026-08-21T17:30:00Z,429.24
179,Latibeaudiere,Joel,Latibeaudiere,7,2,a,NA,NA,,NA,40,0.1,0.0,0,0,0,0,NA,1.0,COV,2026-08-03T20:15:49Z,2026-08-03,1,NA,2026-08-21T17:30:00Z,429.24
180,Woolfenden,Luke,Woolfenden,7,2,a,NA,NA,,NA,40,0.3,0.0,0,0,0,0,NA,1.0,COV,2026-08-03T20:15:49Z,2026-08-03,1,NA,2026-08-21T17:30:00Z,429.24
181,Brau,Miguel,Brau,7,2,a,NA,NA,,NA,40,0.1,0.0,0,0,0,0,NA,1.0,COV,2026-08-03T20:15:49Z,2026-08-03,1,NA,2026-08-21T17:30:00Z,429.24
182,Amenda,Aurèle,Amenda,7,2,a,NA,NA,,NA,40,0.5,0.0,0,0,0,0,NA,1.0,COV,2026-08-03T20:15:49Z,2026-08-03,1,NA,2026-08-21T17:30:00Z,429.24
183,Rudoni,Jack,Rudoni,7,3,d,NA,75,Shoulder injury - 75% chance of playing,2026-07-23T12:01:23.481435Z,50,0.3,0.0,0,0,0,0,NA,1.1,COV,2026-08-03T20:15:49Z,2026-08-03,1,NA,2026-08-21T17:30:00Z,429.24
184,Grimes,Matt,Grimes,7,3,a,NA,NA,,NA,50,0.2,0.0,0,0,0,0,NA,1.5,COV,2026-08-03T20:15:49Z,2026-08-03,1,NA,2026-08-21T17:30:00Z,429.24
185,Sakamoto,Tatsuhiro,Sakamoto,7,3,a,NA,NA,,NA,50,0.1,0.0,0,0,0,0,NA,1.5,COV,2026-08-03T20:15:49Z,2026-08-03,1,NA,2026-08-21T17:30:00Z,429.24
186,Mason-Clark,Ephron,Mason-Clark,7,3,a,NA,NA,,NA,55,0.3,0.0,0,0,0,0,NA,2.0,COV,2026-08-03T20:15:49Z,2026-08-03,1,NA,2026-08-21T17:30:00Z,429.24
187,Eccles,Josh,Eccles,7,3,a,NA,NA,,NA,50,0.0,0.0,0,0,0,0,NA,1.5,COV,2026-08-03T20:15:49Z,2026-08-03,1,NA,2026-08-21T17:30:00Z,429.24
188,Torp,Victor,Torp,7,3,a,NA,NA,,NA,55,0.2,0.0,0,0,0,0,NA,2.0,COV,2026-08-03T20:15:49Z,2026-08-03,1,NA,2026-08-21T17:30:00Z,429.24
189,Shepherd,George,Shepherd,7,3,a,NA,NA,,NA,45,0.3,0.0,0,0,0,0,NA,1.0,COV,2026-08-03T20:15:49Z,2026-08-03,1,NA,2026-08-21T17:30:00Z,429.24
190,Tchaouna,Loum,Tchaouna,7,3,a,NA,NA,,NA,55,0.1,0.0,0,0,0,0,NA,2.0,COV,2026-08-03T20:15:49Z,2026-08-03,1,NA,2026-08-21T17:30:00Z,429.24
191,Borges Rodrigues,Raphael,Borges Rodrigues,7,3,a,NA,NA,,NA,45,0.2,0.0,0,0,0,0,NA,1.0,COV,2026-08-03T20:15:49Z,2026-08-03,1,NA,2026-08-21T17:30:00Z,429.24
192,Andrews,Kaine,Andrews,7,3,a,NA,NA,,NA,45,0.7,0.0,0,0,0,0,NA,1.0,COV,2026-08-03T20:15:49Z,2026-08-03,1,NA,2026-08-21T17:30:00Z,429.24
193,Wright,Haji,Wright,7,4,a,NA,NA,,NA,55,1.8,0.0,0,0,0,0,NA,1.8,COV,2026-08-03T20:15:49Z,2026-08-03,1,NA,2026-08-21T17:30:00Z,429.24
194,Thomas-Asante,Brandon,Thomas-Asante,7,4,a,NA,NA,,NA,50,0.9,0.0,0,0,0,0,NA,1.4,COV,2026-08-03T20:15:49Z,2026-08-03,1,NA,2026-08-21T17:30:00Z,429.24
195,Simms,Ellis,Simms,7,4,a,NA,NA,,NA,50,0.6,0.0,0,0,0,0,NA,1.4,COV,2026-08-03T20:15:49Z,2026-08-03,1,NA,2026-08-21T17:30:00Z,429.24
196,Markelo,Jahnoah,Markelo,7,4,a,NA,NA,,NA,50,0.1,0.0,0,0,0,0,NA,1.4,COV,2026-08-03T20:15:49Z,2026-08-03,1,NA,2026-08-21T17:30:00Z,429.24
197,Bassette,Norman,Bassette,7,4,u,NA,0,Has joined KVC Westerlo on loan for the rest of the season,2026-07-28T12:58:50.001768Z,45,0.6,0.0,0,0,0,0,NA,0.0,COV,2026-08-03T20:15:49Z,2026-08-03,1,NA,2026-08-21T17:30:00Z,429.24
198,Henderson,Dean,Henderson,8,1,a,NA,NA,,NA,50,3.1,0.0,3330,37,0,0,NA,2.6,CRY,2026-08-03T20:15:49Z,2026-08-03,1,NA,2026-08-21T17:30:00Z,429.24
199,Benitez,Walter,Benítez,8,1,a,NA,NA,,NA,45,0.1,0.0,90,1,0,0,NA,1.9,CRY,2026-08-03T20:15:49Z,2026-08-03,1,NA,2026-08-21T17:30:00Z,429.24
201,Muñoz,Daniel,Muñoz Mejía,8,2,a,NA,NA,,NA,55,11.9,0.0,2400,29,0,0,NA,2.5,CRY,2026-08-03T20:15:49Z,2026-08-03,1,NA,2026-08-21T17:30:00Z,429.24
202,Richards,Chris,Richards,8,2,a,NA,NA,,NA,50,0.8,0.0,2825,31,0,0,NA,2.2,CRY,2026-08-03T20:15:49Z,2026-08-03,1,NA,2026-08-21T17:30:00Z,429.24
203,Canvot,Jaydee,Canvot,8,2,a,NA,NA,,NA,50,0.6,0.0,1331,14,0,0,NA,2.2,CRY,2026-08-03T20:15:49Z,2026-08-03,1,NA,2026-08-21T17:30:00Z,429.24
204,Mitchell,Tyrick,Mitchell,8,2,a,NA,NA,,NA,45,7.1,0.0,3253,36,0,0,NA,1.7,CRY,2026-08-03T20:15:49Z,2026-08-03,1,NA,2026-08-21T17:30:00Z,429.24
205,Sosa,Borna,Sosa,8,2,a,NA,NA,,NA,45,0.0,0.0,99,0,0,0,NA,1.7,CRY,2026-08-03T20:15:49Z,2026-08-03,1,NA,2026-08-21T17:30:00Z,429.24
206,Chadi Riad,Chadi,Riad Dnanou,8,2,a,NA,NA,,NA,45,0.1,0.0,550,6,0,0,NA,1.7,CRY,2026-08-03T20:15:49Z,2026-08-03,1,NA,2026-08-21T17:30:00Z,429.24
207,Mingueza,Oscar,Mingueza,8,2,a,NA,NA,,NA,45,0.1,0.0,0,0,0,0,NA,1.7,CRY,2026-08-03T20:15:49Z,2026-08-03,1,NA,2026-08-21T17:30:00Z,429.24
208,Sarr,Ismaïla,Sarr,8,3,a,NA,NA,,NA,65,10.0,0.0,2173,24,0,0,NA,2.3,CRY,2026-08-03T20:15:49Z,2026-08-03,1,NA,2026-08-21T17:30:00Z,429.24
209,Johnson,Brennan,Johnson,8,3,a,NA,NA,,NA,60,0.2,0.0,1710,19,0,0,NA,2.1,CRY,2026-08-03T20:15:49Z,2026-08-03,1,NA,2026-08-21T17:30:00Z,429.24
210,Wharton,Adam,Wharton,8,3,d,NA,75,Ankle injury - 75% chance of playing,2026-07-23T12:01:23.498963Z,55,0.2,0.0,2552,29,0,0,NA,1.5,CRY,2026-08-03T20:15:49Z,2026-08-03,1,NA,2026-08-21T17:30:00Z,429.24
211,Yeremy,Yéremy,Pino Santos,8,3,a,NA,NA,,NA,55,0.2,0.0,2074,26,0,0,NA,2.0,CRY,2026-08-03T20:15:49Z,2026-08-03,1,NA,2026-08-21T17:30:00Z,429.24
212,Hughes,Will,Hughes,8,3,a,NA,NA,,NA,45,11.1,0.0,1560,19,0,0,NA,1.0,CRY,2026-08-03T20:15:49Z,2026-08-03,1,NA,2026-08-21T17:30:00Z,429.24
213,Lerma,Jefferson,Lerma Solís,8,3,a,NA,NA,,NA,50,0.1,0.0,1722,18,0,0,NA,1.5,CRY,2026-08-03T20:15:49Z,2026-08-03,1,NA,2026-08-21T17:30:00Z,429.24
214,Kamada,Daichi,Kamada,8,3,a,NA,NA,,NA,50,0.3,0.0,1899,22,0,0,NA,1.5,CRY,2026-08-03T20:15:49Z,2026-08-03,1,NA,2026-08-21T17:30:00Z,429.24
215,Devenny,Justin,Devenny,8,3,a,NA,NA,,NA,50,0.0,0.0,785,7,0,0,NA,1.5,CRY,2026-08-03T20:15:49Z,2026-08-03,1,NA,2026-08-21T17:30:00Z,429.24
216,Esse,Romain,Esse,8,3,a,NA,NA,,NA,50,0.1,0.0,40,0,0,0,NA,1.5,CRY,2026-08-03T20:15:49Z,2026-08-03,1,NA,2026-08-21T17:30:00Z,429.24
217,M.França,Matheus,França de Oliveira,8,3,a,NA,NA,,NA,50,0.0,0.0,0,0,0,0,NA,1.5,CRY,2026-08-03T20:15:49Z,2026-08-03,1,NA,2026-08-21T17:30:00Z,429.24
218,Doucouré,Cheick,Doucouré,8,3,a,NA,NA,,NA,50,0.1,0.0,0,0,0,0,NA,1.5,CRY,2026-08-03T20:15:49Z,2026-08-03,1,NA,2026-08-21T17:30:00Z,429.24
219,J.Rak-Sakyi,Jesurun,Rak-Sakyi,8,3,a,NA,NA,,NA,50,0.0,0.0,0,0,0,0,NA,1.5,CRY,2026-08-03T20:15:49Z,2026-08-03,1,NA,2026-08-21T17:30:00Z,429.24
220,Cardines,Rio,Cardines,8,2,a,NA,NA,,NA,45,0.0,0.0,90,1,0,0,NA,1.7,CRY,2026-08-03T20:15:49Z,2026-08-03,1,NA,2026-08-21T17:30:00Z,429.24
221,Drakes-Thomas,Joél,Drakes-Thomas,8,3,a,NA,NA,,NA,45,0.1,0.0,7,0,0,0,NA,1.0,CRY,2026-08-03T20:15:49Z,2026-08-03,1,NA,2026-08-21T17:30:00Z,429.24
222,Strand Larsen,Jørgen,Strand Larsen,8,4,a,NA,NA,,NA,60,0.6,0.0,2301,26,0,0,NA,2.0,CRY,2026-08-03T20:15:49Z,2026-08-03,1,NA,2026-08-21T17:30:00Z,429.24
223,Mateta,Jean-Philippe,Mateta,8,4,a,NA,NA,,NA,65,7.1,0.0,2210,25,0,0,NA,2.1,CRY,2026-08-03T20:15:49Z,2026-08-03,1,NA,2026-08-21T17:30:00Z,429.24
224,Nketiah,Eddie,Nketiah,8,4,a,NA,NA,,NA,55,0.5,0.0,414,2,0,0,NA,1.8,CRY,2026-08-03T20:15:49Z,2026-08-03,1,NA,2026-08-21T17:30:00Z,429.24
225,Uche,Christantus,Uche,8,4,u,NA,0,has returned to Getafe CF,2026-07-23T12:18:56.275922Z,50,0.0,0.0,159,0,0,0,NA,0.0,CRY,2026-08-03T20:15:49Z,2026-08-03,1,NA,2026-08-21T17:30:00Z,429.24
555,Matthews,Remi,Matthews,8,1,a,NA,NA,,NA,40,1.7,0.0,0,0,0,0,NA,1.0,CRY,2026-08-03T20:15:49Z,2026-08-03,1,NA,2026-08-21T17:30:00Z,429.24
226,Pickford,Jordan,Pickford,9,1,a,NA,NA,,NA,55,9.0,0.0,3420,38,0,0,NA,3.3,EVE,2026-08-03T20:15:49Z,2026-08-03,1,NA,2026-08-21T17:30:00Z,429.24
227,Travers,Mark,Travers,9,1,a,NA,NA,,NA,50,0.1,0.0,0,0,0,0,NA,2.6,EVE,2026-08-03T20:15:49Z,2026-08-03,1,NA,2026-08-21T17:30:00Z,429.24
228,King,Tom,King,9,1,a,NA,NA,,NA,45,0.1,0.0,0,0,0,0,NA,1.9,EVE,2026-08-03T20:15:49Z,2026-08-03,1,NA,2026-08-21T17:30:00Z,429.24
229,Tarkowski,James,Tarkowski,9,2,a,NA,NA,,NA,60,9.9,0.0,3330,37,0,0,NA,2.8,EVE,2026-08-03T20:15:49Z,2026-08-03,1,NA,2026-08-21T17:30:00Z,429.24
230,Branthwaite,Jarrad,Branthwaite,9,2,a,NA,NA,,NA,55,1.9,0.0,678,7,0,0,NA,2.5,EVE,2026-08-03T20:15:49Z,2026-08-03,1,NA,2026-08-21T17:30:00Z,429.24
231,Keane,Michael,Keane,9,2,a,NA,NA,,NA,50,1.5,0.0,2588,29,0,0,NA,2.2,EVE,2026-08-03T20:15:49Z,2026-08-03,1,NA,2026-08-21T17:30:00Z,429.24
232,O'Brien,Jake,O'Brien,9,2,a,NA,NA,,NA,50,0.5,0.0,3118,35,0,0,NA,2.2,EVE,2026-08-03T20:15:49Z,2026-08-03,1,NA,2026-08-21T17:30:00Z,429.24
233,Mykolenko,Vitalii,Mykolenko,9,2,a,NA,NA,,NA,45,1.4,0.0,2959,33,0,0,NA,1.7,EVE,2026-08-03T20:15:49Z,2026-08-03,1,NA,2026-08-21T17:30:00Z,429.24
234,Patterson,Nathan,Patterson,9,2,a,NA,NA,,NA,45,0.0,0.0,238,3,0,0,NA,1.7,EVE,2026-08-03T20:15:49Z,2026-08-03,1,NA,2026-08-21T17:30:00Z,429.24
235,Aznou,Adam,Aznou,9,2,a,NA,NA,,NA,40,0.2,0.0,0,0,0,0,NA,1.0,EVE,2026-08-03T20:15:49Z,2026-08-03,1,NA,2026-08-21T17:30:00Z,429.24
236,Dewsbury-Hall,Kiernan,Dewsbury-Hall,9,3,a,NA,NA,,NA,65,4.0,0.0,2629,30,0,0,NA,2.3,EVE,2026-08-03T20:15:49Z,2026-08-03,1,NA,2026-08-21T17:30:00Z,429.24
237,Ndiaye,Iliman,Ndiaye,9,3,a,NA,NA,,NA,60,17.1,0.0,2781,32,0,0,NA,2.1,EVE,2026-08-03T20:15:49Z,2026-08-03,1,NA,2026-08-21T17:30:00Z,429.24
239,Garner,James,Garner,9,3,i,NA,0,Groin injury - Expected back 22 Aug,2026-07-25T14:30:10.455878Z,60,0.8,0.0,3413,38,0,0,NA,0.0,EVE,2026-08-03T20:15:49Z,2026-08-03,1,NA,2026-08-21T17:30:00Z,429.24
240,Iroegbunam,Tim,Iroegbunam,9,3,a,NA,NA,,NA,50,0.1,0.0,1477,17,0,0,NA,1.5,EVE,2026-08-03T20:15:49Z,2026-08-03,1,NA,2026-08-21T17:30:00Z,429.24
241,McNeil,Dwight,McNeil,9,3,a,NA,NA,,NA,55,0.1,0.0,1161,14,0,0,NA,2.0,EVE,2026-08-03T20:15:49Z,2026-08-03,1,NA,2026-08-21T17:30:00Z,429.24
242,George,Tyrique,George,9,3,a,NA,NA,,NA,55,0.1,0.0,351,1,0,0,NA,2.0,EVE,2026-08-03T20:15:49Z,2026-08-03,1,NA,2026-08-21T17:30:00Z,429.24
243,Alcaraz,Carlos,Alcaraz Durán,9,3,a,NA,NA,,NA,50,0.1,0.0,679,6,0,0,NA,1.5,EVE,2026-08-03T20:15:49Z,2026-08-03,1,NA,2026-08-21T17:30:00Z,429.24
244,Armstrong,Harrison,Armstrong,9,3,a,NA,NA,,NA,50,0.1,0.0,524,6,0,0,NA,1.5,EVE,2026-08-03T20:15:49Z,2026-08-03,1,NA,2026-08-21T17:30:00Z,429.24
245,Dibling,Tyler,Dibling,9,3,a,NA,NA,,NA,55,0.1,0.0,349,4,0,0,NA,2.0,EVE,2026-08-03T20:15:49Z,2026-08-03,1,NA,2026-08-21T17:30:00Z,429.24
246,Röhl,Merlin,Röhl,9,3,a,NA,NA,,NA,50,0.1,0.0,675,6,0,0,NA,1.5,EVE,2026-08-03T20:15:49Z,2026-08-03,1,NA,2026-08-21T17:30:00Z,429.24
247,Hackney,Hayden,Hackney,9,3,a,NA,NA,,NA,55,0.3,0.0,0,0,0,0,NA,2.0,EVE,2026-08-03T20:15:49Z,2026-08-03,1,NA,2026-08-21T17:30:00Z,429.24
248,Beto,Norberto Bercique,Gomes Betuncal,9,4,a,NA,NA,,NA,55,3.3,0.0,1551,17,0,0,NA,1.8,EVE,2026-08-03T20:15:49Z,2026-08-03,1,NA,2026-08-21T17:30:00Z,429.24
249,Barry,Thierno,Barry,9,4,a,NA,NA,,NA,55,0.9,0.0,1898,21,0,0,NA,1.8,EVE,2026-08-03T20:15:49Z,2026-08-03,1,NA,2026-08-21T17:30:00Z,429.24
250,Leno,Bernd,Leno,10,1,a,NA,NA,,NA,45,3.1,0.0,3420,38,0,0,NA,1.9,FUL,2026-08-03T20:15:49Z,2026-08-03,1,NA,2026-08-21T17:30:00Z,429.24
251,Lecomte,Benjamin,Lecomte,10,1,a,NA,NA,,NA,40,1.5,0.0,0,0,0,0,NA,1.0,FUL,2026-08-03T20:15:49Z,2026-08-03,1,NA,2026-08-21T17:30:00Z,429.24
252,McNally,Alfie,McNally,10,1,a,NA,NA,,NA,40,0.3,0.0,0,0,0,0,NA,1.0,FUL,2026-08-03T20:15:49Z,2026-08-03,1,NA,2026-08-21T17:30:00Z,429.24
253,Andersen,Joachim,Andersen,10,2,s,NA,0,Suspended until 29 Aug,2026-07-23T12:01:23.516350Z,50,0.1,0.0,2882,33,0,0,NA,0.0,FUL,2026-08-03T20:15:49Z,2026-08-03,1,NA,2026-08-21T17:30:00Z,429.24
254,Robinson,Antonee,Robinson,10,2,a,NA,NA,,NA,45,2.9,0.0,1487,17,0,0,NA,1.7,FUL,2026-08-03T20:15:49Z,2026-08-03,1,NA,2026-08-21T17:30:00Z,429.24
255,J.Cuenca,Jorge,Cuenca Barreno,10,2,a,NA,NA,,NA,45,0.0,0.0,935,11,0,0,NA,1.7,FUL,2026-08-03T20:15:49Z,2026-08-03,1,NA,2026-08-21T17:30:00Z,429.24
256,Tete,Kenny,Tete,10,2,a,NA,NA,,NA,45,0.2,0.0,1791,21,0,0,NA,1.7,FUL,2026-08-03T20:15:49Z,2026-08-03,1,NA,2026-08-21T17:30:00Z,429.24
257,Bassey,Calvin,Bassey,10,2,a,NA,NA,,NA,45,0.5,0.0,2532,28,0,0,NA,1.7,FUL,2026-08-03T20:15:49Z,2026-08-03,1,NA,2026-08-21T17:30:00Z,429.24
258,Castagne,Timothy,Castagne,10,2,a,NA,NA,,NA,45,0.2,0.0,1838,20,0,0,NA,1.7,FUL,2026-08-03T20:15:49Z,2026-08-03,1,NA,2026-08-21T17:30:00Z,429.24
261,Iwobi,Alex,Iwobi,10,3,a,NA,NA,,NA,55,0.9,0.0,2420,29,0,0,NA,2.0,FUL,2026-08-03T20:15:49Z,2026-08-03,1,NA,2026-08-21T17:30:00Z,429.24
262,Smith Rowe,Emile,Smith Rowe,10,3,a,NA,NA,,NA,55,0.4,0.0,1909,22,0,0,NA,2.0,FUL,2026-08-03T20:15:49Z,2026-08-03,1,NA,2026-08-21T17:30:00Z,429.24
263,Kevin,Kevin,Santos Lopes de Macedo,10,3,a,NA,NA,,NA,55,0.1,0.0,1030,9,0,0,NA,2.0,FUL,2026-08-03T20:15:49Z,2026-08-03,1,NA,2026-08-21T17:30:00Z,429.24
264,Bobb,Oscar,Bobb,10,3,a,NA,NA,,NA,55,0.4,0.0,1030,11,0,0,NA,2.0,FUL,2026-08-03T20:15:49Z,2026-08-03,1,NA,2026-08-21T17:30:00Z,429.24
265,Berge,Sander,Berge,10,3,a,NA,NA,,NA,50,0.4,0.0,2904,34,0,0,NA,1.5,FUL,2026-08-03T20:15:49Z,2026-08-03,1,NA,2026-08-21T17:30:00Z,429.24
266,Cairney,Tom,Cairney,10,3,a,NA,NA,,NA,50,0.0,0.0,756,6,0,0,NA,1.5,FUL,2026-08-03T20:15:49Z,2026-08-03,1,NA,2026-08-21T17:30:00Z,429.24
267,Lukić,Saša,Lukić,10,3,a,NA,NA,,NA,50,0.1,0.0,1730,20,0,0,NA,1.5,FUL,2026-08-03T20:15:49Z,2026-08-03,1,NA,2026-08-21T17:30:00Z,429.24
268,King,Josh,King,10,3,a,NA,NA,,NA,55,0.1,0.0,1290,15,0,0,NA,2.0,FUL,2026-08-03T20:15:49Z,2026-08-03,1,NA,2026-08-21T17:30:00Z,429.24
269,Sessegnon,Ryan,Sessegnon,10,2,a,NA,NA,,NA,45,0.4,0.0,1816,20,0,0,NA,1.7,FUL,2026-08-03T20:15:49Z,2026-08-03,1,NA,2026-08-21T17:30:00Z,429.24
270,Reed,Harrison,Reed,10,3,a,NA,NA,,NA,45,1.1,0.0,89,1,0,0,NA,1.0,FUL,2026-08-03T20:15:49Z,2026-08-03,1,NA,2026-08-21T17:30:00Z,429.24
271,Muniz,Rodrigo,Muniz Carvalho,10,4,a,NA,NA,,NA,55,0.7,0.0,987,10,0,0,NA,1.8,FUL,2026-08-03T20:15:49Z,2026-08-03,1,NA,2026-08-21T17:30:00Z,429.24
272,Kusi-Asare,Jonah,Kusi-Asare,10,4,a,NA,NA,,NA,45,8.3,0.0,49,0,0,0,NA,1.0,FUL,2026-08-03T20:15:49Z,2026-08-03,1,NA,2026-08-21T17:30:00Z,429.24
273,Phillips,Dillon,Phillips,11,1,a,NA,NA,,NA,40,2.2,0.0,0,0,0,0,NA,1.0,HUL,2026-08-03T20:15:49Z,2026-08-03,1,NA,2026-08-21T17:30:00Z,429.24
274,Butland,Jack,Butland,11,1,a,NA,NA,,NA,45,1.0,0.0,0,0,0,0,NA,1.9,HUL,2026-08-03T20:15:49Z,2026-08-03,1,NA,2026-08-21T17:30:00Z,429.24
275,Cartwright,Harvey,Cartwright,11,1,u,NA,0,Has joined Grimsby Town on loan for the rest of the season,2026-07-29T13:00:27.959925Z,40,0.1,0.0,0,0,0,0,NA,0.0,HUL,2026-08-03T20:15:49Z,2026-08-03,1,NA,2026-08-21T17:30:00Z,429.24
276,Lo-Tutala,Thimothée,Lo-Tutala,11,1,a,NA,NA,,NA,40,0.2,0.0,0,0,0,0,NA,1.0,HUL,2026-08-03T20:15:49Z,2026-08-03,1,NA,2026-08-21T17:30:00Z,429.24
277,Egan,John,Egan,11,2,a,NA,NA,,NA,40,0.8,0.0,0,0,0,0,NA,1.0,HUL,2026-08-03T20:15:49Z,2026-08-03,1,NA,2026-08-21T17:30:00Z,429.24
278,Hughes,Charlie,Hughes,11,2,i,NA,0,Groin injury - Unknown return date,2026-08-02T09:00:11.030017Z,40,1.6,0.0,0,0,0,0,NA,0.0,HUL,2026-08-03T20:15:49Z,2026-08-03,1,NA,2026-08-21T17:30:00Z,429.24
279,Ajayi,Semi,Ajayi,11,2,a,NA,NA,,NA,40,0.6,0.0,0,0,0,0,NA,1.0,HUL,2026-08-03T20:15:49Z,2026-08-03,1,NA,2026-08-21T17:30:00Z,429.24
280,Coyle,Lewie,Coyle,11,2,a,NA,NA,,NA,40,0.3,0.0,0,0,0,0,NA,1.0,HUL,2026-08-03T20:15:49Z,2026-08-03,1,NA,2026-08-21T17:30:00Z,429.24
281,Drameh,Cody,Drameh,11,2,a,NA,NA,,NA,40,0.1,0.0,0,0,0,0,NA,1.0,HUL,2026-08-03T20:15:49Z,2026-08-03,1,NA,2026-08-21T17:30:00Z,429.24
282,Giles,Ryan,Giles,11,2,a,NA,NA,,NA,40,0.6,0.0,0,0,0,0,NA,1.0,HUL,2026-08-03T20:15:49Z,2026-08-03,1,NA,2026-08-21T17:30:00Z,429.24
283,Jacob,Matty,Jacob,11,2,d,NA,75,Hip injury - 75% chance of playing,2026-08-02T09:00:11.038361Z,40,0.1,0.0,0,0,0,0,NA,0.8,HUL,2026-08-03T20:15:49Z,2026-08-03,1,NA,2026-08-21T17:30:00Z,429.24
284,McCarthy,Cathal,McCarthy,11,2,a,NA,NA,,NA,40,0.1,0.0,0,0,0,0,NA,1.0,HUL,2026-08-03T20:15:49Z,2026-08-03,1,NA,2026-08-21T17:30:00Z,429.24
285,McNair,Paddy,McNair,11,2,a,NA,NA,,NA,40,0.1,0.0,0,0,0,0,NA,1.0,HUL,2026-08-03T20:15:49Z,2026-08-03,1,NA,2026-08-21T17:30:00Z,429.24
286,Belloumi,Mohamed,Belloumi,11,3,a,NA,NA,,NA,50,0.6,0.0,0,0,0,0,NA,1.5,HUL,2026-08-03T20:15:49Z,2026-08-03,1,NA,2026-08-21T17:30:00Z,429.24
287,Millar,Liam,Millar,11,3,a,NA,NA,,NA,50,0.1,0.0,0,0,0,0,NA,1.5,HUL,2026-08-03T20:15:49Z,2026-08-03,1,NA,2026-08-21T17:30:00Z,429.24
288,Dowell,Kieran,Dowell,11,3,a,NA,NA,,NA,45,0.5,0.0,0,0,0,0,NA,1.0,HUL,2026-08-03T20:15:49Z,2026-08-03,1,NA,2026-08-21T17:30:00Z,429.24
289,Crooks,Matt,Crooks,11,3,a,NA,NA,,NA,45,0.6,0.0,0,0,0,0,NA,1.0,HUL,2026-08-03T20:15:49Z,2026-08-03,1,NA,2026-08-21T17:30:00Z,429.24
290,Slater,Regan,Slater,11,3,a,NA,NA,,NA,45,1.8,0.0,0,0,0,0,NA,1.0,HUL,2026-08-03T20:15:49Z,2026-08-03,1,NA,2026-08-21T17:30:00Z,429.24
291,Matazo,Eliot,Matazo,11,3,i,NA,0,Knee injury - Unknown return date,2026-07-23T12:01:23.532635Z,45,0.0,0.0,0,0,0,0,NA,0.0,HUL,2026-08-03T20:15:49Z,2026-08-03,1,NA,2026-08-21T17:30:00Z,429.24
292,Ömür,Abdülkadir,Ömür,11,3,a,NA,NA,,NA,50,0.0,0.0,0,0,0,0,NA,1.5,HUL,2026-08-03T20:15:49Z,2026-08-03,1,NA,2026-08-21T17:30:00Z,429.24
293,Kamara,Abu,Kamara,11,3,a,NA,NA,,NA,50,0.1,0.0,0,0,0,0,NA,1.5,HUL,2026-08-03T20:15:49Z,2026-08-03,1,NA,2026-08-21T17:30:00Z,429.24
294,Zambrano,Óscar,Zambrano,11,3,a,NA,NA,,NA,45,0.6,0.0,0,0,0,0,NA,1.0,HUL,2026-08-03T20:15:49Z,2026-08-03,1,NA,2026-08-21T17:30:00Z,429.24
295,McBurnie,Oli,McBurnie,11,4,a,NA,NA,,NA,55,1.9,0.0,0,0,0,0,NA,1.8,HUL,2026-08-03T20:15:49Z,2026-08-03,1,NA,2026-08-21T17:30:00Z,429.24
296,Akintola,David,Akintola,11,3,a,NA,NA,,NA,50,0.1,0.0,0,0,0,0,NA,1.5,HUL,2026-08-03T20:15:49Z,2026-08-03,1,NA,2026-08-21T17:30:00Z,429.24
297,Gyabi,Darko,Gyabi,11,3,a,NA,NA,,NA,45,0.2,0.0,0,0,0,0,NA,1.0,HUL,2026-08-03T20:15:49Z,2026-08-03,1,NA,2026-08-21T17:30:00Z,429.24
298,Destan,Enis,Destan,11,4,a,NA,NA,,NA,45,2.6,0.0,0,0,0,0,NA,1.0,HUL,2026-08-03T20:15:49Z,2026-08-03,1,NA,2026-08-21T17:30:00Z,429.24
299,Burstow,Mason,Burstow,11,4,u,NA,0,Has joined Sheffield Wednesday on loan for the rest of the season,2026-08-03T14:05:20.234842Z,45,1.0,0.0,0,0,0,0,NA,0.0,HUL,2026-08-03T20:15:49Z,2026-08-03,1,NA,2026-08-21T17:30:00Z,429.24
556,Targett,Matt,Targett,11,2,a,NA,NA,,NA,40,2.4,0.0,0,0,0,0,NA,1.0,HUL,2026-08-03T20:15:49Z,2026-08-03,1,NA,2026-08-21T17:30:00Z,429.24
563,Morita,Hidemasa,Morita,11,3,a,NA,NA,,NA,50,0.1,0.0,0,0,0,0,NA,1.5,HUL,2026-08-03T20:15:49Z,2026-08-03,1,NA,2026-08-21T17:30:00Z,429.24
259,Diop,Issa,Diop,12,2,a,NA,NA,,NA,40,20.0,0.0,812,8,0,0,NA,1.0,IPS,2026-08-03T20:15:49Z,2026-08-03,1,NA,2026-08-21T17:30:00Z,429.24
300,Walton,Christian,Walton,12,1,a,NA,NA,,NA,45,0.6,0.0,0,0,0,0,NA,1.9,IPS,2026-08-03T20:15:49Z,2026-08-03,1,NA,2026-08-21T17:30:00Z,429.24
301,Palmer,Alex,Palmer,12,1,a,NA,NA,,NA,40,5.9,0.0,0,0,0,0,NA,1.0,IPS,2026-08-03T20:15:49Z,2026-08-03,1,NA,2026-08-21T17:30:00Z,429.24
302,Button,David,Button,12,1,a,NA,NA,,NA,40,0.6,0.0,0,0,0,0,NA,1.0,IPS,2026-08-03T20:15:49Z,2026-08-03,1,NA,2026-08-21T17:30:00Z,429.24
303,Kipré,Cédric,Kipré,12,2,a,NA,NA,,NA,40,0.3,0.0,0,0,0,0,NA,1.0,IPS,2026-08-03T20:15:49Z,2026-08-03,1,NA,2026-08-21T17:30:00Z,429.24
304,O'Shea,Dara,O'Shea,12,2,a,NA,NA,,NA,40,1.3,0.0,0,0,0,0,NA,1.0,IPS,2026-08-03T20:15:49Z,2026-08-03,1,NA,2026-08-21T17:30:00Z,429.24
305,Davis,Leif,Davis,12,2,a,NA,NA,,NA,40,3.6,0.0,0,0,0,0,NA,1.0,IPS,2026-08-03T20:15:49Z,2026-08-03,1,NA,2026-08-21T17:30:00Z,429.24
306,Greaves,Jacob,Greaves,12,2,a,NA,NA,,NA,40,0.5,0.0,0,0,0,0,NA,1.0,IPS,2026-08-03T20:15:49Z,2026-08-03,1,NA,2026-08-21T17:30:00Z,429.24
307,Johnson,Ben,Johnson,12,2,a,NA,NA,,NA,40,0.1,0.0,0,0,0,0,NA,1.0,IPS,2026-08-03T20:15:49Z,2026-08-03,1,NA,2026-08-21T17:30:00Z,429.24
308,Furlong,Darnell,Furlong,12,2,a,NA,NA,,NA,40,0.3,0.0,0,0,0,0,NA,1.0,IPS,2026-08-03T20:15:49Z,2026-08-03,1,NA,2026-08-21T17:30:00Z,429.24
309,Núñez,Marcelino,Núñez,12,3,a,NA,NA,,NA,50,0.2,0.0,0,0,0,0,NA,1.5,IPS,2026-08-03T20:15:49Z,2026-08-03,1,NA,2026-08-21T17:30:00Z,429.24
310,Matusiwa,Azor,Matusiwa,12,3,i,NA,0,Muscular injury - Unknown return date,2026-07-29T18:00:10.305484Z,50,0.1,0.0,0,0,0,0,NA,0.0,IPS,2026-08-03T20:15:49Z,2026-08-03,1,NA,2026-08-21T17:30:00Z,429.24
311,Burns,Wes,Burns,12,3,a,NA,NA,,NA,50,0.1,0.0,0,0,0,0,NA,1.5,IPS,2026-08-03T20:15:49Z,2026-08-03,1,NA,2026-08-21T17:30:00Z,429.24
312,Taylor,Jack,Taylor,12,3,i,NA,0,Knee injury - Unknown return date,2026-07-29T18:00:10.319370Z,45,0.3,0.0,0,0,0,0,NA,0.0,IPS,2026-08-03T20:15:49Z,2026-08-03,1,NA,2026-08-21T17:30:00Z,429.24
313,Clarke,Jack,Clarke,12,3,a,NA,NA,,NA,55,0.3,0.0,0,0,0,0,NA,2.0,IPS,2026-08-03T20:15:49Z,2026-08-03,1,NA,2026-08-21T17:30:00Z,429.24
314,Ogbene,Chiedozie,Ogbene,12,3,a,NA,NA,,NA,50,0.0,0.0,0,0,0,0,NA,1.5,IPS,2026-08-03T20:15:49Z,2026-08-03,1,NA,2026-08-21T17:30:00Z,429.24
315,Fatawu,Abdul,Fatawu,12,3,a,NA,NA,,NA,55,0.3,0.0,0,0,0,0,NA,2.0,IPS,2026-08-03T20:15:49Z,2026-08-03,1,NA,2026-08-21T17:30:00Z,429.24
316,Emersonn,Emersonn,Correia da Silva,12,4,a,NA,NA,,NA,55,0.3,0.0,0,0,0,0,NA,1.8,IPS,2026-08-03T20:15:49Z,2026-08-03,1,NA,2026-08-21T17:30:00Z,429.24
317,Hirst,George,Hirst,12,4,a,NA,NA,,NA,50,0.5,0.0,0,0,0,0,NA,1.4,IPS,2026-08-03T20:15:49Z,2026-08-03,1,NA,2026-08-21T17:30:00Z,429.24
318,Philogene,Jaden,Philogene,12,3,a,NA,NA,,NA,55,0.2,0.0,0,0,0,0,NA,2.0,IPS,2026-08-03T20:15:49Z,2026-08-03,1,NA,2026-08-21T17:30:00Z,429.24
319,Szmodics,Sam,Szmodics,12,3,a,NA,NA,,NA,50,0.1,0.0,0,0,0,0,NA,1.5,IPS,2026-08-03T20:15:49Z,2026-08-03,1,NA,2026-08-21T17:30:00Z,429.24
320,Akpom,Chuba,Akpom,12,4,a,NA,NA,,NA,50,0.5,0.0,0,0,0,0,NA,1.4,IPS,2026-08-03T20:15:49Z,2026-08-03,1,NA,2026-08-21T17:30:00Z,429.24
321,Walle Egeli,Sindre,Walle Egeli,12,4,a,NA,NA,,NA,45,2.3,0.0,0,0,0,0,NA,1.0,IPS,2026-08-03T20:15:49Z,2026-08-03,1,NA,2026-08-21T17:30:00Z,429.24
322,Al-Hamadi,Ali,Al-Hamadi,12,4,a,NA,NA,,NA,50,0.2,0.0,0,0,0,0,NA,1.4,IPS,2026-08-03T20:15:49Z,2026-08-03,1,NA,2026-08-21T17:30:00Z,429.24
323,McAteer,Kasey,McAteer,12,3,a,NA,NA,,NA,45,1.8,0.0,0,0,0,0,NA,1.0,IPS,2026-08-03T20:15:49Z,2026-08-03,1,NA,2026-08-21T17:30:00Z,429.24
324,Mehmeti,Anis,Mehmeti,12,3,a,NA,NA,,NA,50,0.1,0.0,0,0,0,0,NA,1.5,IPS,2026-08-03T20:15:49Z,2026-08-03,1,NA,2026-08-21T17:30:00Z,429.24
554,Van Oevelen,Kayne,van Oevelen,12,1,a,NA,NA,,NA,45,0.1,0.0,0,0,0,0,NA,1.9,IPS,2026-08-03T20:15:49Z,2026-08-03,1,NA,2026-08-21T17:30:00Z,429.24
562,Maeda,Daizen,Maeda,12,3,a,NA,NA,,NA,55,0.4,0.0,0,0,0,0,NA,2.0,IPS,2026-08-03T20:15:49Z,2026-08-03,1,NA,2026-08-21T17:30:00Z,429.24
564,Scherpen,Kjell,Scherpen,12,1,a,NA,NA,,NA,45,0.2,0.0,0,0,0,0,NA,1.9,IPS,2026-08-03T20:15:49Z,2026-08-03,1,NA,2026-08-21T17:30:00Z,429.24
260,Wilson,Harry,Wilson,13,3,a,NA,NA,,NA,65,8.6,0.0,2674,32,0,0,NA,2.3,LEE,2026-08-03T20:15:49Z,2026-08-03,1,NA,2026-08-21T17:30:00Z,429.24
326,Perri,Lucas Estella,Perri,13,1,a,NA,NA,,NA,45,0.7,0.0,1440,16,0,0,NA,1.9,LEE,2026-08-03T20:15:49Z,2026-08-03,1,NA,2026-08-21T17:30:00Z,429.24
327,Bijol,Jaka,Bijol,13,2,a,NA,NA,,NA,50,0.3,0.0,1888,21,0,0,NA,2.2,LEE,2026-08-03T20:15:49Z,2026-08-03,1,NA,2026-08-21T17:30:00Z,429.24
329,Rodon,Joe,Rodon,13,2,a,NA,NA,,NA,45,1.8,0.0,2952,33,0,0,NA,1.7,LEE,2026-08-03T20:15:49Z,2026-08-03,1,NA,2026-08-21T17:30:00Z,429.24
330,Bogle,Jayden,Bogle,13,2,a,NA,NA,,NA,45,0.4,0.0,2795,32,0,0,NA,1.7,LEE,2026-08-03T20:15:49Z,2026-08-03,1,NA,2026-08-21T17:30:00Z,429.24
331,Gudmundsson,Gabriel,Gudmundsson,13,2,a,NA,NA,,NA,45,0.5,0.0,2637,31,0,0,NA,1.7,LEE,2026-08-03T20:15:49Z,2026-08-03,1,NA,2026-08-21T17:30:00Z,429.24
332,Justin,James,Justin,13,2,a,NA,NA,,NA,45,0.5,0.0,1893,21,0,0,NA,1.7,LEE,2026-08-03T20:15:49Z,2026-08-03,1,NA,2026-08-21T17:30:00Z,429.24
333,Bornauw,Sebastiaan,Bornauw,13,2,a,NA,NA,,NA,45,0.0,0.0,429,5,0,0,NA,1.7,LEE,2026-08-03T20:15:49Z,2026-08-03,1,NA,2026-08-21T17:30:00Z,429.24
334,Muharemović,Tarik,Muharemović,13,2,a,NA,NA,,NA,50,1.3,0.0,0,0,0,0,NA,2.2,LEE,2026-08-03T20:15:49Z,2026-08-03,1,NA,2026-08-21T17:30:00Z,429.24
335,Stach,Anton,Stach,13,3,a,NA,NA,,NA,60,1.4,0.0,2369,28,0,0,NA,2.1,LEE,2026-08-03T20:15:49Z,2026-08-03,1,NA,2026-08-21T17:30:00Z,429.24
336,Okafor,Noah,Okafor,13,3,a,NA,NA,,NA,60,0.7,0.0,1553,19,0,0,NA,2.1,LEE,2026-08-03T20:15:49Z,2026-08-03,1,NA,2026-08-21T17:30:00Z,429.24
337,Aaronson,Brenden,Aaronson,13,3,a,NA,NA,,NA,55,0.7,0.0,2449,30,0,0,NA,2.0,LEE,2026-08-03T20:15:49Z,2026-08-03,1,NA,2026-08-21T17:30:00Z,429.24
338,Ampadu,Ethan,Ampadu,13,3,a,NA,NA,,NA,55,1.4,0.0,3119,35,0,0,NA,2.0,LEE,2026-08-03T20:15:49Z,2026-08-03,1,NA,2026-08-21T17:30:00Z,429.24
339,Longstaff,Sean,Longstaff,13,3,a,NA,NA,,NA,50,0.2,0.0,1003,10,0,0,NA,1.5,LEE,2026-08-03T20:15:49Z,2026-08-03,1,NA,2026-08-21T17:30:00Z,429.24
340,Gelhardt,Joe,Gelhardt,13,3,a,NA,NA,,NA,50,0.0,0.0,0,0,0,0,NA,1.5,LEE,2026-08-03T20:15:49Z,2026-08-03,1,NA,2026-08-21T17:30:00Z,429.24
341,Gnonto,Wilfried,Gnonto,13,3,a,NA,NA,,NA,50,0.1,0.0,521,4,0,0,NA,1.5,LEE,2026-08-03T20:15:49Z,2026-08-03,1,NA,2026-08-21T17:30:00Z,429.24
342,Harrison,Jack,Harrison,13,3,u,NA,0,Has joined New England Revolution permanently,2026-07-28T12:59:09.492431Z,50,0.0,0.0,262,1,0,0,NA,0.0,LEE,2026-08-03T20:15:49Z,2026-08-03,1,NA,2026-08-21T17:30:00Z,429.24
343,James,Daniel,James,13,3,a,NA,NA,,NA,50,0.1,0.0,547,6,0,0,NA,1.5,LEE,2026-08-03T20:15:49Z,2026-08-03,1,NA,2026-08-21T17:30:00Z,429.24
344,Gruev,Ilia,Gruev,13,3,a,NA,NA,,NA,50,0.0,0.0,1318,15,0,0,NA,1.5,LEE,2026-08-03T20:15:49Z,2026-08-03,1,NA,2026-08-21T17:30:00Z,429.24
345,Tanaka,Tanaka,Ao,13,3,a,NA,NA,,NA,50,0.3,0.0,1307,14,0,0,NA,1.5,LEE,2026-08-03T20:15:49Z,2026-08-03,1,NA,2026-08-21T17:30:00Z,429.24
346,Calvert-Lewin,Dominic,Calvert-Lewin,13,4,a,NA,NA,,NA,60,20.8,0.0,2721,30,0,0,NA,2.0,LEE,2026-08-03T20:15:49Z,2026-08-03,1,NA,2026-08-21T17:30:00Z,429.24
347,Nmecha,Lukas,Nmecha,13,4,a,NA,NA,,NA,55,0.6,0.0,1065,10,0,0,NA,1.8,LEE,2026-08-03T20:15:49Z,2026-08-03,1,NA,2026-08-21T17:30:00Z,429.24
348,Piroe,Joël,Piroe,13,4,a,NA,NA,,NA,50,0.5,0.0,244,2,0,0,NA,1.4,LEE,2026-08-03T20:15:49Z,2026-08-03,1,NA,2026-08-21T17:30:00Z,429.24
349,Mateo Joseph,Mateo,Joseph Fernández-Regatillo,13,4,i,NA,0,Knee injury - Unknown return date,2026-07-29T18:00:10.338170Z,45,0.3,0.0,0,0,0,0,NA,0.0,LEE,2026-08-03T20:15:49Z,2026-08-03,1,NA,2026-08-21T17:30:00Z,429.24
350,A.Becker,Alisson,Becker,14,1,a,NA,NA,,NA,55,4.1,0.0,2340,26,0,0,NA,3.3,LIV,2026-08-03T20:15:49Z,2026-08-03,1,NA,2026-08-21T17:30:00Z,429.24
351,Mamardashvili,Giorgi,Mamardashvili,14,1,a,NA,NA,,NA,50,0.2,0.0,867,10,0,0,NA,2.6,LIV,2026-08-03T20:15:49Z,2026-08-03,1,NA,2026-08-21T17:30:00Z,429.24
352,Woodman,Freddie,Woodman,14,1,a,NA,NA,,NA,40,1.3,0.0,212,2,0,0,NA,1.0,LIV,2026-08-03T20:15:49Z,2026-08-03,1,NA,2026-08-21T17:30:00Z,429.24
353,Pecsi,Armin,Pecsi,14,1,a,NA,NA,,NA,40,0.1,0.0,0,0,0,0,NA,1.0,LIV,2026-08-03T20:15:49Z,2026-08-03,1,NA,2026-08-21T17:30:00Z,429.24
354,Jaros,Vitezslav,Jaros,14,1,i,NA,0,Knee injury - Unknown return date,2026-07-29T18:00:10.351066Z,40,0.0,0.0,0,0,0,0,NA,0.0,LIV,2026-08-03T20:15:49Z,2026-08-03,1,NA,2026-08-21T17:30:00Z,429.24
355,Davies,Harvey,Davies,14,1,a,NA,NA,,NA,40,0.1,0.0,0,0,0,0,NA,1.0,LIV,2026-08-03T20:15:49Z,2026-08-03,1,NA,2026-08-21T17:30:00Z,429.24
356,Virgil,Virgil,van Dijk,14,2,a,NA,NA,,NA,65,16.2,0.0,3420,38,0,0,NA,3.1,LIV,2026-08-03T20:15:49Z,2026-08-03,1,NA,2026-08-21T17:30:00Z,429.24
357,Frimpong,Jeremie,Frimpong,14,2,a,NA,NA,,NA,55,3.0,0.0,1032,12,0,0,NA,2.5,LIV,2026-08-03T20:15:49Z,2026-08-03,1,NA,2026-08-21T17:30:00Z,429.24
358,Kerkez,Milos,Kerkez,14,2,a,NA,NA,,NA,55,5.9,0.0,2251,27,0,0,NA,2.5,LIV,2026-08-03T20:15:49Z,2026-08-03,1,NA,2026-08-21T17:30:00Z,429.24
359,Gomez,Joe,Gomez,14,2,i,NA,0,Muscular injury - Unknown return date,2026-07-26T08:30:10.078473Z,50,0.1,0.0,594,7,0,0,NA,0.0,LIV,2026-08-03T20:15:49Z,2026-08-03,1,NA,2026-08-21T17:30:00Z,429.24
360,Bradley,Conor,Bradley,14,2,i,NA,0,Knee injury - Unknown return date,2026-07-23T12:01:23.565711Z,50,0.0,0.0,928,12,0,0,NA,0.0,LIV,2026-08-03T20:15:49Z,2026-08-03,1,NA,2026-08-21T17:30:00Z,429.24
361,Lucky,Wellity,Lucky,14,2,a,NA,NA,,NA,40,0.1,0.0,0,0,0,0,NA,1.0,LIV,2026-08-03T20:15:49Z,2026-08-03,1,NA,2026-08-21T17:30:00Z,429.24
362,Jacquet,Jeremy,Jacquet,14,2,a,NA,100,,2026-07-23T12:01:23.581126Z,50,2.1,0.0,0,0,0,0,NA,2.2,LIV,2026-08-03T20:15:49Z,2026-08-03,1,NA,2026-08-21T17:30:00Z,429.24
363,Leoni,Giovanni,Leoni,14,2,i,NA,0,Knee injury - Unknown return date,2026-07-23T12:01:23.596909Z,40,0.1,0.0,0,0,0,0,NA,0.0,LIV,2026-08-03T20:15:49Z,2026-08-03,1,NA,2026-08-21T17:30:00Z,429.24
364,Tsimikas,Kostas,Tsimikas,14,2,a,NA,NA,,NA,50,0.1,0.0,0,0,0,0,NA,2.2,LIV,2026-08-03T20:15:49Z,2026-08-03,1,NA,2026-08-21T17:30:00Z,429.24
365,Ramsay,Calvin,Ramsay,14,2,a,NA,NA,,NA,40,0.2,0.0,0,0,0,0,NA,1.0,LIV,2026-08-03T20:15:49Z,2026-08-03,1,NA,2026-08-21T17:30:00Z,429.24
366,Wirtz,Florian,Wirtz,14,3,a,NA,NA,,NA,75,11.7,0.0,2374,27,0,0,NA,2.6,LIV,2026-08-03T20:15:49Z,2026-08-03,1,NA,2026-08-21T17:30:00Z,429.24
367,Gakpo,Cody,Gakpo,14,3,a,NA,NA,,NA,70,3.5,0.0,2736,32,0,0,NA,2.5,LIV,2026-08-03T20:15:49Z,2026-08-03,1,NA,2026-08-21T17:30:00Z,429.24
368,Szoboszlai,Dominik,Szoboszlai,14,3,a,NA,NA,,NA,70,47.7,0.0,3232,36,0,0,NA,2.5,LIV,2026-08-03T20:15:49Z,2026-08-03,1,NA,2026-08-21T17:30:00Z,429.24
369,Ngumoha,Rio,Ngumoha,14,3,a,NA,NA,,NA,60,1.7,0.0,547,5,0,0,NA,2.1,LIV,2026-08-03T20:15:49Z,2026-08-03,1,NA,2026-08-21T17:30:00Z,429.24
370,Chiesa,Federico,Chiesa,14,3,a,NA,NA,,NA,55,0.2,0.0,317,1,0,0,NA,2.0,LIV,2026-08-03T20:15:49Z,2026-08-03,1,NA,2026-08-21T17:30:00Z,429.24
371,Gravenberch,Ryan,Gravenberch,14,3,a,NA,NA,,NA,60,1.9,0.0,2991,34,0,0,NA,2.1,LIV,2026-08-03T20:15:49Z,2026-08-03,1,NA,2026-08-21T17:30:00Z,429.24
372,Mac Allister,Alexis,Mac Allister,14,3,a,NA,NA,,NA,55,1.9,0.0,2654,31,0,0,NA,2.0,LIV,2026-08-03T20:15:49Z,2026-08-03,1,NA,2026-08-21T17:30:00Z,429.24
373,C.Jones,Curtis,Jones,14,3,a,NA,NA,,NA,55,0.1,0.0,1923,18,0,0,NA,2.0,LIV,2026-08-03T20:15:49Z,2026-08-03,1,NA,2026-08-21T17:30:00Z,429.24
374,Endo,Endo,Wataru,14,3,d,NA,75,Ankle injury - 75% chance of playing,2026-07-23T12:01:23.612529Z,50,0.0,0.0,170,1,0,0,NA,1.1,LIV,2026-08-03T20:15:49Z,2026-08-03,1,NA,2026-08-21T17:30:00Z,429.24
375,Nyoni,Trey,Nyoni,14,3,a,NA,NA,,NA,50,0.1,0.0,21,0,0,0,NA,1.5,LIV,2026-08-03T20:15:49Z,2026-08-03,1,NA,2026-08-21T17:30:00Z,429.24
376,Bajcetic,Stefan,Bajčetić Maquieira,14,3,i,NA,0,Hamstring injury - Expected back 23 Aug,2026-07-23T12:01:23.628373Z,50,0.0,0.0,0,0,0,0,NA,0.0,LIV,2026-08-03T20:15:49Z,2026-08-03,1,NA,2026-08-21T17:30:00Z,429.24
377,Munoz,Victor,Munoz,14,3,a,NA,NA,,NA,65,0.8,0.0,0,0,0,0,NA,2.3,LIV,2026-08-03T20:15:49Z,2026-08-03,1,NA,2026-08-21T17:30:00Z,429.24
378,McConnell,James,McConnell,14,3,a,NA,NA,,NA,45,0.2,0.0,0,0,0,0,NA,1.0,LIV,2026-08-03T20:15:49Z,2026-08-03,1,NA,2026-08-21T17:30:00Z,429.24
379,Isak,Alexander,Isak,14,4,a,NA,NA,,NA,90,11.4,0.0,694,8,0,0,NA,2.7,LIV,2026-08-03T20:15:49Z,2026-08-03,1,NA,2026-08-21T17:30:00Z,429.24
380,Ekitiké,Hugo,Ekitiké,14,4,i,NA,0,Achilles injury - Unknown return date,2026-07-23T12:01:23.643771Z,75,0.2,0.0,1797,21,0,0,NA,0.0,LIV,2026-08-03T20:15:49Z,2026-08-03,1,NA,2026-08-21T17:30:00Z,429.24
381,Koumas,Lewis,Koumas,14,3,a,NA,NA,,NA,50,0.0,0.0,0,0,0,0,NA,1.5,LIV,2026-08-03T20:15:49Z,2026-08-03,1,NA,2026-08-21T17:30:00Z,429.24
382,Danns,Jayden,Danns,14,4,i,NA,0,Unspecified injury - Unknown return date,2026-07-23T12:01:23.659279Z,45,0.1,0.0,0,0,0,0,NA,0.0,LIV,2026-08-03T20:15:49Z,2026-08-03,1,NA,2026-08-21T17:30:00Z,429.24
383,Elliott,Harvey,Elliott,14,3,a,NA,NA,,NA,55,0.1,0.0,110,1,0,0,NA,2.0,LIV,2026-08-03T20:15:49Z,2026-08-03,1,NA,2026-08-21T17:30:00Z,429.24
238,Grealish,Jack,Grealish,15,3,d,NA,75,Foot injury - 75% chance of playing,2026-07-29T10:00:10.492904Z,65,0.2,0.0,1627,18,0,0,NA,1.7,MCI,2026-08-03T20:15:49Z,2026-08-03,1,NA,2026-08-21T17:30:00Z,429.24
384,Donnarumma,Gianluigi,Donnarumma,15,1,a,NA,NA,,NA,55,11.1,0.0,3060,34,0,0,NA,3.3,MCI,2026-08-03T20:15:49Z,2026-08-03,1,NA,2026-08-21T17:30:00Z,429.24
385,Trafford,James,Trafford,15,1,a,NA,NA,,NA,50,1.4,0.0,360,4,0,0,NA,2.6,MCI,2026-08-03T20:15:49Z,2026-08-03,1,NA,2026-08-21T17:30:00Z,429.24
386,Bettinelli,Marcus,Bettinelli,15,1,a,NA,NA,,NA,45,0.0,0.0,0,0,0,0,NA,1.9,MCI,2026-08-03T20:15:49Z,2026-08-03,1,NA,2026-08-21T17:30:00Z,429.24
387,O'Reilly,Nico,O'Reilly,15,2,a,NA,NA,,NA,65,22.9,0.0,2643,29,0,0,NA,3.1,MCI,2026-08-03T20:15:49Z,2026-08-03,1,NA,2026-08-21T17:30:00Z,429.24
388,Guéhi,Marc,Guéhi,15,2,a,NA,NA,,NA,60,24.0,0.0,3150,35,0,0,NA,2.8,MCI,2026-08-03T20:15:49Z,2026-08-03,1,NA,2026-08-21T17:30:00Z,429.24
389,Matheus N.,Matheus,Nunes,15,2,a,NA,NA,,NA,60,5.0,0.0,2861,32,0,0,NA,2.8,MCI,2026-08-03T20:15:49Z,2026-08-03,1,NA,2026-08-21T17:30:00Z,429.24
390,Rúben,Rúben,dos Santos Gato Alves Dias,15,2,a,NA,NA,,NA,55,1.4,0.0,2139,24,0,0,NA,2.5,MCI,2026-08-03T20:15:49Z,2026-08-03,1,NA,2026-08-21T17:30:00Z,429.24
391,Gvardiol,Joško,Gvardiol,15,2,a,NA,NA,,NA,55,10.5,0.0,1370,16,0,0,NA,2.5,MCI,2026-08-03T20:15:49Z,2026-08-03,1,NA,2026-08-21T17:30:00Z,429.24
392,Aït-Nouri,Rayan,Aït-Nouri,15,2,a,NA,NA,,NA,55,0.9,0.0,971,12,0,0,NA,2.5,MCI,2026-08-03T20:15:49Z,2026-08-03,1,NA,2026-08-21T17:30:00Z,429.24
393,Khusanov,Abdukodir,Khusanov,15,2,a,NA,NA,,NA,55,2.0,0.0,1427,15,0,0,NA,2.5,MCI,2026-08-03T20:15:49Z,2026-08-03,1,NA,2026-08-21T17:30:00Z,429.24
394,Alleyne,Max,Alleyne,15,2,a,NA,NA,,NA,50,0.0,0.0,135,2,0,0,NA,2.2,MCI,2026-08-03T20:15:49Z,2026-08-03,1,NA,2026-08-21T17:30:00Z,429.24
395,Lewis,Rico,Lewis,15,2,a,NA,NA,,NA,45,0.2,0.0,401,4,0,0,NA,1.7,MCI,2026-08-03T20:15:49Z,2026-08-03,1,NA,2026-08-21T17:30:00Z,429.24
396,Vitor Reis,Vitor,de Oliveira Nunes dos Reis,15,2,a,NA,NA,,NA,45,0.0,0.0,0,0,0,0,NA,1.7,MCI,2026-08-03T20:15:49Z,2026-08-03,1,NA,2026-08-21T17:30:00Z,429.24
397,Semenyo,Antoine,Semenyo,15,3,a,NA,NA,,NA,85,22.0,0.0,3200,37,0,0,NA,2.9,MCI,2026-08-03T20:15:49Z,2026-08-03,1,NA,2026-08-21T17:30:00Z,429.24
398,Foden,Phil,Foden,15,3,a,NA,NA,,NA,70,7.5,0.0,2078,23,0,0,NA,2.5,MCI,2026-08-03T20:15:49Z,2026-08-03,1,NA,2026-08-21T17:30:00Z,429.24
399,Cherki,Rayan,Cherki,15,3,a,NA,NA,,NA,75,9.4,0.0,1772,19,0,0,NA,2.6,MCI,2026-08-03T20:15:49Z,2026-08-03,1,NA,2026-08-21T17:30:00Z,429.24
400,Doku,Jérémy,Doku,15,3,a,NA,NA,,NA,75,6.4,0.0,1773,19,0,0,NA,2.6,MCI,2026-08-03T20:15:49Z,2026-08-03,1,NA,2026-08-21T17:30:00Z,429.24
401,Marmoush,Omar,Marmoush,15,4,a,NA,NA,,NA,70,0.7,0.0,691,8,0,0,NA,2.2,MCI,2026-08-03T20:15:49Z,2026-08-03,1,NA,2026-08-21T17:30:00Z,429.24
402,Rodrigo,Rodrigo 'Rodri',Hernandez Cascante,15,3,i,NA,0,Back injury - Unknown return date,2026-07-23T12:01:23.675537Z,65,0.1,0.0,1510,17,0,0,NA,0.0,MCI,2026-08-03T20:15:49Z,2026-08-03,1,NA,2026-08-21T17:30:00Z,429.24
403,Savinho,Sávio,Moreira de Oliveira,15,3,a,NA,NA,,NA,65,0.1,0.0,817,7,0,0,NA,2.3,MCI,2026-08-03T20:15:49Z,2026-08-03,1,NA,2026-08-21T17:30:00Z,429.24
404,Reijnders,Tijjani,Reijnders,15,3,a,NA,NA,,NA,60,0.4,0.0,1623,19,0,0,NA,2.1,MCI,2026-08-03T20:15:49Z,2026-08-03,1,NA,2026-08-21T17:30:00Z,429.24
405,N.Gonzalez,Nico,González Iglesias,15,3,a,NA,NA,,NA,55,0.1,0.0,1561,17,0,0,NA,2.0,MCI,2026-08-03T20:15:49Z,2026-08-03,1,NA,2026-08-21T17:30:00Z,429.24
406,Kovačić,Mateo,Kovačić,15,3,a,NA,NA,,NA,55,0.0,0.0,125,1,0,0,NA,2.0,MCI,2026-08-03T20:15:49Z,2026-08-03,1,NA,2026-08-21T17:30:00Z,429.24
407,Echeverri,Claudio,Echeverri,15,3,a,NA,NA,,NA,50,0.0,0.0,0,0,0,0,NA,1.5,MCI,2026-08-03T20:15:49Z,2026-08-03,1,NA,2026-08-21T17:30:00Z,429.24
408,Phillips,Kalvin,Phillips,15,3,a,NA,NA,,NA,50,0.0,0.0,0,0,0,0,NA,1.5,MCI,2026-08-03T20:15:49Z,2026-08-03,1,NA,2026-08-21T17:30:00Z,429.24
409,Mukasa,Divine,Mukasa,15,3,a,NA,NA,,NA,45,0.1,0.0,25,0,0,0,NA,1.0,MCI,2026-08-03T20:15:49Z,2026-08-03,1,NA,2026-08-21T17:30:00Z,429.24
410,Monga,Jeremy,Monga,15,3,a,NA,NA,,NA,50,0.0,0.0,0,0,0,0,NA,1.5,MCI,2026-08-03T20:15:49Z,2026-08-03,1,NA,2026-08-21T17:30:00Z,429.24
411,Haaland,Erling,Haaland,15,4,a,NA,NA,,NA,155,75.0,0.0,2953,34,0,0,NA,4.0,MCI,2026-08-03T20:15:49Z,2026-08-03,1,NA,2026-08-21T17:30:00Z,429.24
481,Anderson,Elliot,Anderson,15,3,a,NA,NA,,NA,65,11.9,0.0,3332,37,0,0,NA,2.3,MCI,2026-08-03T20:15:49Z,2026-08-03,1,NA,2026-08-21T17:30:00Z,429.24
43,Tielemans,Youri,Tielemans,16,3,d,NA,75,Hamstring injury - 75% chance of playing,2026-07-23T12:01:23.321726Z,60,0.9,0.0,1857,21,0,0,NA,1.6,MUN,2026-08-03T20:15:49Z,2026-08-03,1,NA,2026-08-21T17:30:00Z,429.24
162,Andrey Santos,Andrey,Nascimento dos Santos,16,3,a,NA,NA,,NA,50,1.5,0.0,1247,13,0,0,NA,1.5,MUN,2026-08-03T20:15:49Z,2026-08-03,1,NA,2026-08-21T17:30:00Z,429.24
325,Darlow,Karl,Darlow,16,1,d,NA,75,Unspecified injury - 75% chance of playing,2026-07-23T12:01:23.549136Z,45,0.1,0.0,1980,22,0,0,NA,1.5,MUN,2026-08-03T20:15:49Z,2026-08-03,1,NA,2026-08-21T17:30:00Z,429.24
412,Lammens,Senne,Lammens,16,1,a,NA,NA,,NA,50,20.1,0.0,2880,32,0,0,NA,2.6,MUN,2026-08-03T20:15:49Z,2026-08-03,1,NA,2026-08-21T17:30:00Z,429.24
413,Bayindir,Altay,Bayındır,16,1,a,NA,NA,,NA,45,0.2,0.0,540,6,0,0,NA,1.9,MUN,2026-08-03T20:15:49Z,2026-08-03,1,NA,2026-08-21T17:30:00Z,429.24
414,Heaton,Tom,Heaton,16,1,a,NA,NA,,NA,40,0.3,0.0,0,0,0,0,NA,1.0,MUN,2026-08-03T20:15:49Z,2026-08-03,1,NA,2026-08-21T17:30:00Z,429.24
415,Dorgu,Patrick,Dorgu,16,3,a,NA,NA,,NA,60,1.9,0.0,1440,15,0,0,NA,2.1,MUN,2026-08-03T20:15:49Z,2026-08-03,1,NA,2026-08-21T17:30:00Z,429.24
416,De Ligt,Matthijs,de Ligt,16,2,i,NA,0,Back injury - Unknown return date,2026-07-23T12:01:23.690880Z,50,0.0,0.0,1170,13,0,0,NA,0.0,MUN,2026-08-03T20:15:49Z,2026-08-03,1,NA,2026-08-21T17:30:00Z,429.24
417,Dalot,Diogo,Dalot Teixeira,16,2,a,NA,NA,,NA,50,3.1,0.0,2609,29,0,0,NA,2.2,MUN,2026-08-03T20:15:49Z,2026-08-03,1,NA,2026-08-21T17:30:00Z,429.24
418,Maguire,Harry,Maguire,16,2,a,NA,NA,,NA,50,7.8,0.0,1649,19,0,0,NA,2.2,MUN,2026-08-03T20:15:49Z,2026-08-03,1,NA,2026-08-21T17:30:00Z,429.24
419,Martinez,Lisandro,Martínez,16,2,d,NA,75,Thigh injury - 75% chance of playing,2026-07-24T20:00:10.337107Z,50,0.7,0.0,1229,13,0,0,NA,1.6,MUN,2026-08-03T20:15:49Z,2026-08-03,1,NA,2026-08-21T17:30:00Z,429.24
420,Yoro,Leny,Yoro,16,2,a,NA,NA,,NA,50,0.6,0.0,1730,18,0,0,NA,2.2,MUN,2026-08-03T20:15:49Z,2026-08-03,1,NA,2026-08-21T17:30:00Z,429.24
421,Heaven,Ayden,Heaven,16,2,a,NA,NA,,NA,45,0.4,0.0,920,11,0,0,NA,1.7,MUN,2026-08-03T20:15:49Z,2026-08-03,1,NA,2026-08-21T17:30:00Z,429.24
422,Mazraoui,Noussair,Mazraoui,16,2,a,NA,NA,,NA,45,0.8,0.0,977,11,0,0,NA,1.7,MUN,2026-08-03T20:15:49Z,2026-08-03,1,NA,2026-08-21T17:30:00Z,429.24
423,Shaw,Luke,Shaw,16,2,a,NA,NA,,NA,45,24.5,0.0,3220,38,0,0,NA,1.7,MUN,2026-08-03T20:15:49Z,2026-08-03,1,NA,2026-08-21T17:30:00Z,429.24
424,Amass,Harry,Amass,16,2,a,NA,NA,,NA,40,0.2,0.0,0,0,0,0,NA,1.0,MUN,2026-08-03T20:15:49Z,2026-08-03,1,NA,2026-08-21T17:30:00Z,429.24
425,Fredricson,Tyler,Fredricson,16,2,a,NA,NA,,NA,40,0.1,0.0,2,0,0,0,NA,1.0,MUN,2026-08-03T20:15:49Z,2026-08-03,1,NA,2026-08-21T17:30:00Z,429.24
426,B.Fernandes,Bruno,Borges Fernandes,16,3,a,NA,NA,,NA,120,48.6,0.0,3065,35,0,0,NA,4.0,MUN,2026-08-03T20:15:49Z,2026-08-03,1,NA,2026-08-21T17:30:00Z,429.24
427,Mbeumo,Bryan,Mbeumo,16,3,a,NA,NA,,NA,80,16.5,0.0,2611,31,0,0,NA,2.8,MUN,2026-08-03T20:15:49Z,2026-08-03,1,NA,2026-08-21T17:30:00Z,429.24
428,Cunha,Matheus,Santos Carneiro da Cunha,16,3,a,NA,NA,,NA,80,14.5,0.0,2493,29,0,0,NA,2.8,MUN,2026-08-03T20:15:49Z,2026-08-03,1,NA,2026-08-21T17:30:00Z,429.24
429,Rashford,Marcus,Rashford,16,3,a,NA,NA,,NA,70,1.5,0.0,0,0,0,0,NA,2.5,MUN,2026-08-03T20:15:49Z,2026-08-03,1,NA,2026-08-21T17:30:00Z,429.24
430,Mount,Mason,Mount,16,3,a,NA,NA,,NA,55,0.1,0.0,1010,12,0,0,NA,2.0,MUN,2026-08-03T20:15:49Z,2026-08-03,1,NA,2026-08-21T17:30:00Z,429.24
431,Amad,Amad,Diallo,16,3,a,NA,NA,,NA,60,1.5,0.0,2339,27,0,0,NA,2.1,MUN,2026-08-03T20:15:49Z,2026-08-03,1,NA,2026-08-21T17:30:00Z,429.24
432,Mainoo,Kobbie,Mainoo,16,3,a,NA,NA,,NA,55,1.3,0.0,1653,16,0,0,NA,2.0,MUN,2026-08-03T20:15:49Z,2026-08-03,1,NA,2026-08-21T17:30:00Z,429.24
433,Ugarte,Manuel,Ugarte Ribeiro,16,3,i,NA,0,Knee injury - Unknown return date,2026-07-23T12:01:23.706702Z,50,0.0,0.0,876,8,0,0,NA,0.0,MUN,2026-08-03T20:15:49Z,2026-08-03,1,NA,2026-08-21T17:30:00Z,429.24
434,J.Fletcher,Jack,Fletcher,16,3,a,NA,NA,,NA,50,0.0,0.0,107,0,0,0,NA,1.5,MUN,2026-08-03T20:15:49Z,2026-08-03,1,NA,2026-08-21T17:30:00Z,429.24
435,Lacey,Shea,Lacey,16,3,a,NA,NA,,NA,50,0.1,0.0,40,0,0,0,NA,1.5,MUN,2026-08-03T20:15:49Z,2026-08-03,1,NA,2026-08-21T17:30:00Z,429.24
436,Collyer,Toby,Collyer,16,3,a,NA,NA,,NA,50,0.0,0.0,0,0,0,0,NA,1.5,MUN,2026-08-03T20:15:49Z,2026-08-03,1,NA,2026-08-21T17:30:00Z,429.24
437,Bendito Mantato,Bendito,Mantato,16,3,a,NA,NA,,NA,45,0.2,0.0,15,0,0,0,NA,1.0,MUN,2026-08-03T20:15:49Z,2026-08-03,1,NA,2026-08-21T17:30:00Z,429.24
438,Fletcher,Tyler,Fletcher,16,3,a,NA,NA,,NA,45,0.3,0.0,17,0,0,0,NA,1.0,MUN,2026-08-03T20:15:49Z,2026-08-03,1,NA,2026-08-21T17:30:00Z,429.24
439,Šeško,Benjamin,Sesko,16,4,d,NA,75,Shin injury - 75% chance of playing,2026-07-23T12:01:23.722029Z,70,2.9,0.0,1630,17,0,0,NA,1.7,MUN,2026-08-03T20:15:49Z,2026-08-03,1,NA,2026-08-21T17:30:00Z,429.24
440,Zirkzee,Joshua,Zirkzee,16,4,a,NA,NA,,NA,55,0.7,0.0,607,5,0,0,NA,1.8,MUN,2026-08-03T20:15:49Z,2026-08-03,1,NA,2026-08-21T17:30:00Z,429.24
441,Obi,Chido,Obi,16,4,a,NA,NA,,NA,45,1.2,0.0,0,0,0,0,NA,1.0,MUN,2026-08-03T20:15:49Z,2026-08-03,1,NA,2026-08-21T17:30:00Z,429.24
442,Pope,Nick,Pope,17,1,a,NA,NA,,NA,50,1.1,0.0,2416,27,0,0,NA,2.6,NEW,2026-08-03T20:15:49Z,2026-08-03,1,NA,2026-08-21T17:30:00Z,429.24
443,Gillespie,Mark,Gillespie,17,1,a,NA,NA,,NA,45,0.1,0.0,0,0,0,0,NA,1.9,NEW,2026-08-03T20:15:49Z,2026-08-03,1,NA,2026-08-21T17:30:00Z,429.24
444,Jaouen,Ewen,Jaouen,17,1,a,NA,NA,,NA,45,0.1,0.0,0,0,0,0,NA,1.9,NEW,2026-08-03T20:15:49Z,2026-08-03,1,NA,2026-08-21T17:30:00Z,429.24
445,Thiaw,Malick,Thiaw,17,2,a,NA,NA,,NA,50,2.1,0.0,2963,33,0,0,NA,2.2,NEW,2026-08-03T20:15:49Z,2026-08-03,1,NA,2026-08-21T17:30:00Z,429.24
446,Schär,Fabian,Schär,17,2,a,NA,100,,2026-07-23T12:01:23.737715Z,50,0.2,0.0,1089,11,0,0,NA,2.2,NEW,2026-08-03T20:15:49Z,2026-08-03,1,NA,2026-08-21T17:30:00Z,429.24
447,Botman,Sven,Botman,17,2,a,NA,NA,,NA,50,0.4,0.0,1834,21,0,0,NA,2.2,NEW,2026-08-03T20:15:49Z,2026-08-03,1,NA,2026-08-21T17:30:00Z,429.24
448,Burn,Dan,Burn,17,2,a,NA,NA,,NA,50,2.7,0.0,2195,25,0,0,NA,2.2,NEW,2026-08-03T20:15:49Z,2026-08-03,1,NA,2026-08-21T17:30:00Z,429.24
449,Hall,Lewis,Hall,17,2,a,NA,NA,,NA,50,4.2,0.0,2176,24,0,0,NA,2.2,NEW,2026-08-03T20:15:49Z,2026-08-03,1,NA,2026-08-21T17:30:00Z,429.24
450,Livramento,Tino,Livramento,17,2,d,NA,75,Calf injury - 75% chance of playing,2026-07-23T12:01:23.753221Z,50,0.1,0.0,1326,14,0,0,NA,1.6,NEW,2026-08-03T20:15:49Z,2026-08-03,1,NA,2026-08-21T17:30:00Z,429.24
451,A.Murphy,Alex,Murphy,17,2,a,NA,NA,,NA,40,0.8,0.0,7,0,0,0,NA,1.0,NEW,2026-08-03T20:15:49Z,2026-08-03,1,NA,2026-08-21T17:30:00Z,429.24
452,Bruno G.,Bruno,Guimarães Rodriguez Moura,17,3,a,NA,NA,,NA,70,8.3,0.0,2456,27,0,0,NA,2.5,NEW,2026-08-03T20:15:49Z,2026-08-03,1,NA,2026-08-21T17:30:00Z,429.24
453,Barnes,Harvey,Barnes,17,3,a,NA,NA,,NA,60,1.2,0.0,1951,19,0,0,NA,2.1,NEW,2026-08-03T20:15:49Z,2026-08-03,1,NA,2026-08-21T17:30:00Z,429.24
454,Elanga,Anthony,Elanga,17,3,a,NA,NA,,NA,60,0.7,0.0,1302,14,0,0,NA,2.1,NEW,2026-08-03T20:15:49Z,2026-08-03,1,NA,2026-08-21T17:30:00Z,429.24
456,J.Ramsey,Jacob,Ramsey,17,3,a,NA,NA,,NA,50,0.5,0.0,1441,15,0,0,NA,1.5,NEW,2026-08-03T20:15:49Z,2026-08-03,1,NA,2026-08-21T17:30:00Z,429.24
457,J.Murphy,Jacob,Murphy,17,3,a,NA,NA,,NA,60,0.2,0.0,1606,19,0,0,NA,2.1,NEW,2026-08-03T20:15:49Z,2026-08-03,1,NA,2026-08-21T17:30:00Z,429.24
458,Joelinton,Joelinton Cássio,Apolinário de Lira,17,3,d,NA,75,Thigh injury - 75% chance of playing,2026-07-23T12:01:23.769696Z,55,0.0,0.0,1950,23,0,0,NA,1.5,NEW,2026-08-03T20:15:49Z,2026-08-03,1,NA,2026-08-21T17:30:00Z,429.24
459,L.Miley,Lewis,Miley,17,3,i,NA,0,Leg injury - Expected back 30 Aug,2026-07-23T12:01:23.785456Z,55,0.0,0.0,1493,15,0,0,NA,0.0,NEW,2026-08-03T20:15:49Z,2026-08-03,1,NA,2026-08-21T17:30:00Z,429.24
460,Willock,Joe,Willock,17,3,a,NA,NA,,NA,50,0.1,0.0,972,10,0,0,NA,1.5,NEW,2026-08-03T20:15:49Z,2026-08-03,1,NA,2026-08-21T17:30:00Z,429.24
461,Touré,Bazoumana,Touré,17,3,a,NA,NA,,NA,60,0.2,0.0,0,0,0,0,NA,2.1,NEW,2026-08-03T20:15:49Z,2026-08-03,1,NA,2026-08-21T17:30:00Z,429.24
462,Steur,Sean,Steur,17,3,a,NA,NA,,NA,50,0.1,0.0,0,0,0,0,NA,1.5,NEW,2026-08-03T20:15:49Z,2026-08-03,1,NA,2026-08-21T17:30:00Z,429.24
463,Woltemade,Nick,Woltemade,17,4,a,NA,NA,,NA,60,1.7,0.0,1896,24,0,0,NA,2.0,NEW,2026-08-03T20:15:49Z,2026-08-03,1,NA,2026-08-21T17:30:00Z,429.24
464,Wissa,Yoane,Wissa,17,4,a,NA,NA,,NA,60,1.4,0.0,517,4,0,0,NA,2.0,NEW,2026-08-03T20:15:49Z,2026-08-03,1,NA,2026-08-21T17:30:00Z,429.24
465,Osula,William,Osula,17,4,a,NA,NA,,NA,60,1.8,0.0,805,8,0,0,NA,2.0,NEW,2026-08-03T20:15:49Z,2026-08-03,1,NA,2026-08-21T17:30:00Z,429.24
466,Neave,Sean,Neave,17,4,a,NA,NA,,NA,45,0.7,0.0,13,0,0,0,NA,1.0,NEW,2026-08-03T20:15:49Z,2026-08-03,1,NA,2026-08-21T17:30:00Z,429.24
559,Bamba,Aladji,Bamba,17,3,a,NA,NA,,NA,50,0.1,0.0,0,0,0,0,NA,1.5,NEW,2026-08-03T20:15:49Z,2026-08-03,1,NA,2026-08-21T17:30:00Z,429.24
567,Horníček,Lukás,Hornícek,17,1,a,NA,NA,,NA,50,0.0,0.0,0,0,0,0,NA,2.6,NEW,2026-08-03T20:15:49Z,2026-08-03,1,NA,2026-08-21T17:30:00Z,429.24
467,Sels,Matz,Sels,18,1,a,NA,NA,,NA,50,1.4,0.0,2667,30,0,0,NA,2.6,NFO,2026-08-03T20:15:49Z,2026-08-03,1,NA,2026-08-21T17:30:00Z,429.24
468,John,John Victor,Maciel Furtado,18,1,a,NA,NA,,NA,45,0.1,0.0,437,5,0,0,NA,1.9,NFO,2026-08-03T20:15:49Z,2026-08-03,1,NA,2026-08-21T17:30:00Z,429.24
469,N.Williams,Neco,Williams,18,2,a,NA,NA,,NA,50,13.2,0.0,3203,36,0,0,NA,2.2,NFO,2026-08-03T20:15:49Z,2026-08-03,1,NA,2026-08-21T17:30:00Z,429.24
470,Morato,Felipe,Rodrigues da Silva,18,2,a,NA,NA,,NA,50,0.1,0.0,1340,14,0,0,NA,2.2,NFO,2026-08-03T20:15:49Z,2026-08-03,1,NA,2026-08-21T17:30:00Z,429.24
471,Milenković,Nikola,Milenković,18,2,a,NA,NA,,NA,55,2.2,0.0,3375,37,0,0,NA,2.5,NFO,2026-08-03T20:15:49Z,2026-08-03,1,NA,2026-08-21T17:30:00Z,429.24
472,Murillo,Murillo,Costa dos Santos,18,2,d,NA,75,Muscle injury - 75% chance of playing,2026-07-23T12:01:23.801183Z,55,0.2,0.0,2130,25,0,0,NA,1.9,NFO,2026-08-03T20:15:49Z,2026-08-03,1,NA,2026-08-21T17:30:00Z,429.24
473,Aina,Ola,Aina,18,2,a,NA,NA,,NA,45,4.8,0.0,1587,18,0,0,NA,1.7,NFO,2026-08-03T20:15:49Z,2026-08-03,1,NA,2026-08-21T17:30:00Z,429.24
474,Jair Cunha,Jair,Paula da Cunha Filho,18,2,a,NA,NA,,NA,45,0.5,0.0,514,6,0,0,NA,1.7,NFO,2026-08-03T20:15:49Z,2026-08-03,1,NA,2026-08-21T17:30:00Z,429.24
475,Savona,Nicolò,Savona,18,2,i,NA,0,Knee injury - Unknown return date,2026-07-23T12:01:23.816304Z,45,0.0,0.0,1025,11,0,0,NA,0.0,NFO,2026-08-03T20:15:49Z,2026-08-03,1,NA,2026-08-21T17:30:00Z,429.24
476,O.Richards,Omar,Richards,18,2,a,NA,NA,,NA,40,0.2,0.0,0,0,0,0,NA,1.0,NFO,2026-08-03T20:15:49Z,2026-08-03,1,NA,2026-08-21T17:30:00Z,429.24
477,Abbott,Zach,Abbott,18,2,a,NA,NA,,NA,40,0.2,0.0,165,2,0,0,NA,1.0,NFO,2026-08-03T20:15:49Z,2026-08-03,1,NA,2026-08-21T17:30:00Z,429.24
478,Netz,Luca,Netz,18,2,a,NA,NA,,NA,45,0.0,0.0,353,3,0,0,NA,1.7,NFO,2026-08-03T20:15:49Z,2026-08-03,1,NA,2026-08-21T17:30:00Z,429.24
479,Bindon,Tyler,Bindon,18,2,a,NA,NA,,NA,40,0.2,0.0,0,0,0,0,NA,1.0,NFO,2026-08-03T20:15:49Z,2026-08-03,1,NA,2026-08-21T17:30:00Z,429.24
480,Gibbs-White,Morgan,Gibbs-White,18,3,a,NA,NA,,NA,80,11.8,0.0,3101,35,0,0,NA,2.8,NFO,2026-08-03T20:15:49Z,2026-08-03,1,NA,2026-08-21T17:30:00Z,429.24
482,Hudson-Odoi,Callum,Hudson-Odoi,18,3,d,NA,75,Thigh injury - 75% chance of playing,2026-07-23T12:01:23.832709Z,60,0.0,0.0,1838,21,0,0,NA,1.6,NFO,2026-08-03T20:15:49Z,2026-08-03,1,NA,2026-08-21T17:30:00Z,429.24
483,Ndoye,Dan,Ndoye,18,3,a,NA,NA,,NA,55,0.6,0.0,1167,14,0,0,NA,2.0,NFO,2026-08-03T20:15:49Z,2026-08-03,1,NA,2026-08-21T17:30:00Z,429.24
484,Hutchinson,Omari,Hutchinson,18,3,a,NA,NA,,NA,55,0.1,0.0,1676,17,0,0,NA,2.0,NFO,2026-08-03T20:15:49Z,2026-08-03,1,NA,2026-08-21T17:30:00Z,429.24
485,Bakwa,Dilane,Bakwa,18,3,a,NA,NA,,NA,55,0.0,0.0,549,6,0,0,NA,2.0,NFO,2026-08-03T20:15:49Z,2026-08-03,1,NA,2026-08-21T17:30:00Z,429.24
486,McAtee,James,McAtee,18,3,a,NA,NA,,NA,55,0.1,0.0,288,2,0,0,NA,2.0,NFO,2026-08-03T20:15:49Z,2026-08-03,1,NA,2026-08-21T17:30:00Z,429.24
487,Dominguez,Nicolás,Domínguez,18,3,a,NA,NA,,NA,50,0.1,0.0,1168,17,0,0,NA,1.5,NFO,2026-08-03T20:15:49Z,2026-08-03,1,NA,2026-08-21T17:30:00Z,429.24
488,Sangaré,Ibrahim,Sangaré,18,3,a,NA,NA,,NA,50,0.4,0.0,2073,25,0,0,NA,1.5,NFO,2026-08-03T20:15:49Z,2026-08-03,1,NA,2026-08-21T17:30:00Z,429.24
489,Yates,Ryan,Yates,18,3,a,NA,NA,,NA,45,7.5,0.0,602,2,0,0,NA,1.0,NFO,2026-08-03T20:15:49Z,2026-08-03,1,NA,2026-08-21T17:30:00Z,429.24
490,Wood,Chris,Wood,18,4,a,NA,NA,,NA,60,1.8,0.0,896,11,0,0,NA,2.0,NFO,2026-08-03T20:15:49Z,2026-08-03,1,NA,2026-08-21T17:30:00Z,429.24
491,Igor Jesus,Igor Jesus,Maciel da Cruz,18,4,a,NA,NA,,NA,60,4.9,0.0,2293,28,0,0,NA,2.0,NFO,2026-08-03T20:15:49Z,2026-08-03,1,NA,2026-08-21T17:30:00Z,429.24
492,Awoniyi,Taiwo,Awoniyi,18,4,a,NA,NA,,NA,55,0.4,0.0,480,3,0,0,NA,1.8,NFO,2026-08-03T20:15:49Z,2026-08-03,1,NA,2026-08-21T17:30:00Z,429.24
493,Kalimuendo,Arnaud,Kalimuendo,18,4,a,NA,NA,,NA,55,0.1,0.0,89,0,0,0,NA,1.8,NFO,2026-08-03T20:15:49Z,2026-08-03,1,NA,2026-08-21T17:30:00Z,429.24
558,Schlager,Xaver,Schlager,18,3,a,NA,NA,,NA,50,0.1,0.0,0,0,0,0,NA,1.5,NFO,2026-08-03T20:15:49Z,2026-08-03,1,NA,2026-08-21T17:30:00Z,429.24
112,Van Hecke,Jan Paul,van Hecke,19,2,a,NA,NA,,NA,50,8.2,0.0,3210,36,0,0,NA,2.2,TOT,2026-08-03T20:15:49Z,2026-08-03,1,NA,2026-08-21T17:30:00Z,429.24
455,Tonali,Sandro,Tonali,19,3,a,NA,NA,,NA,55,3.8,0.0,2534,31,0,0,NA,2.0,TOT,2026-08-03T20:15:49Z,2026-08-03,1,NA,2026-08-21T17:30:00Z,429.24
494,Vicario,Guglielmo,Vicario,19,1,a,NA,NA,,NA,45,1.5,0.0,2790,31,0,0,NA,1.9,TOT,2026-08-03T20:15:49Z,2026-08-03,1,NA,2026-08-21T17:30:00Z,429.24
495,Austin,Brandon,Austin,19,1,a,NA,NA,,NA,40,0.6,0.0,0,0,0,0,NA,1.0,TOT,2026-08-03T20:15:49Z,2026-08-03,1,NA,2026-08-21T17:30:00Z,429.24
496,Kinsky,Antonín,Kinský,19,1,a,NA,NA,,NA,45,18.6,0.0,630,7,0,0,NA,1.9,TOT,2026-08-03T20:15:49Z,2026-08-03,1,NA,2026-08-21T17:30:00Z,429.24
497,Dubravka,Martin,Dubravka,19,1,a,NA,NA,,NA,40,24.6,0.0,3150,35,0,0,NA,1.0,TOT,2026-08-03T20:15:49Z,2026-08-03,1,NA,2026-08-21T17:30:00Z,429.24
498,Senesi,Marcos,Senesi Barón,19,2,a,NA,NA,,NA,60,10.9,0.0,3288,37,0,0,NA,2.8,TOT,2026-08-03T20:15:49Z,2026-08-03,1,NA,2026-08-21T17:30:00Z,429.24
499,Pedro Porro,Pedro,Porro Sauceda,19,2,a,NA,NA,,NA,55,23.9,0.0,2793,32,0,0,NA,2.5,TOT,2026-08-03T20:15:49Z,2026-08-03,1,NA,2026-08-21T17:30:00Z,429.24
500,Romero,Cristian,Romero,19,2,a,NA,NA,,NA,50,1.1,0.0,1869,22,0,0,NA,2.2,TOT,2026-08-03T20:15:49Z,2026-08-03,1,NA,2026-08-21T17:30:00Z,429.24
501,Danso,Kevin,Danso,19,2,a,NA,NA,,NA,50,0.2,0.0,1489,17,0,0,NA,2.2,TOT,2026-08-03T20:15:49Z,2026-08-03,1,NA,2026-08-21T17:30:00Z,429.24
502,Robertson,Andrew,Robertson,19,2,a,NA,NA,,NA,45,1.8,0.0,1165,11,0,0,NA,1.7,TOT,2026-08-03T20:15:49Z,2026-08-03,1,NA,2026-08-21T17:30:00Z,429.24
503,Van de Ven,Micky,van de Ven,19,2,a,NA,NA,,NA,50,6.4,0.0,3041,35,0,0,NA,2.2,TOT,2026-08-03T20:15:49Z,2026-08-03,1,NA,2026-08-21T17:30:00Z,429.24
505,Spence,Djed,Spence,19,2,a,NA,NA,,NA,45,9.6,0.0,2049,23,0,0,NA,1.7,TOT,2026-08-03T20:15:49Z,2026-08-03,1,NA,2026-08-21T17:30:00Z,429.24
506,Udogie,Destiny,Udogie,19,2,a,NA,NA,,NA,45,0.4,0.0,1335,14,0,0,NA,1.7,TOT,2026-08-03T20:15:49Z,2026-08-03,1,NA,2026-08-21T17:30:00Z,429.24
507,Phillips,Ashley,Phillips,19,2,a,NA,NA,,NA,45,0.1,0.0,0,0,0,0,NA,1.7,TOT,2026-08-03T20:15:49Z,2026-08-03,1,NA,2026-08-21T17:30:00Z,429.24
508,Davies,Ben,Davies,19,2,a,NA,NA,,NA,40,0.8,0.0,136,2,0,0,NA,1.0,TOT,2026-08-03T20:15:49Z,2026-08-03,1,NA,2026-08-21T17:30:00Z,429.24
509,Byfield,Jun'ai,Byfield,19,2,a,NA,NA,,NA,40,0.1,0.0,1,0,0,0,NA,1.0,TOT,2026-08-03T20:15:49Z,2026-08-03,1,NA,2026-08-21T17:30:00Z,429.24
510,Rowswell,James,Rowswell,19,2,a,NA,NA,,NA,40,0.1,0.0,1,0,0,0,NA,1.0,TOT,2026-08-03T20:15:49Z,2026-08-03,1,NA,2026-08-21T17:30:00Z,429.24
511,Souza,João Victor,de Souza Menezes,19,2,a,NA,NA,,NA,40,0.3,0.0,142,2,0,0,NA,1.0,TOT,2026-08-03T20:15:49Z,2026-08-03,1,NA,2026-08-21T17:30:00Z,429.24
512,Kudus,Mohammed,Kudus,19,3,d,NA,75,Thigh injury - 75% chance of playing,2026-07-23T12:01:23.848657Z,65,0.2,0.0,1535,19,0,0,NA,1.7,TOT,2026-08-03T20:15:49Z,2026-08-03,1,NA,2026-08-21T17:30:00Z,429.24
513,Xavi,Xavi,Simons,19,3,i,NA,0,Knee injury - Unknown return date,2026-07-23T12:01:23.864304Z,60,0.0,0.0,1747,19,0,0,NA,0.0,TOT,2026-08-03T20:15:49Z,2026-08-03,1,NA,2026-08-21T17:30:00Z,429.24
514,Tel,Mathys,Tel,19,3,a,NA,NA,,NA,60,0.4,0.0,1334,13,0,0,NA,2.1,TOT,2026-08-03T20:15:49Z,2026-08-03,1,NA,2026-08-21T17:30:00Z,429.24
515,Maddison,James,Maddison,19,3,a,NA,NA,,NA,65,2.1,0.0,34,0,0,0,NA,2.3,TOT,2026-08-03T20:15:49Z,2026-08-03,1,NA,2026-08-21T17:30:00Z,429.24
516,Bentancur,Rodrigo,Bentancur,19,3,a,NA,NA,,NA,55,0.1,0.0,1880,23,0,0,NA,2.0,TOT,2026-08-03T20:15:49Z,2026-08-03,1,NA,2026-08-21T17:30:00Z,429.24
517,Odobert,Wilson,Odobert,19,3,i,NA,0,Knee injury - Unknown return date,2026-07-23T12:01:23.879434Z,55,0.0,0.0,972,10,0,0,NA,0.0,TOT,2026-08-03T20:15:49Z,2026-08-03,1,NA,2026-08-21T17:30:00Z,429.24
518,P.M.Sarr,Pape Matar,Sarr,19,3,a,NA,NA,,NA,50,0.4,0.0,1388,13,0,0,NA,1.5,TOT,2026-08-03T20:15:49Z,2026-08-03,1,NA,2026-08-21T17:30:00Z,429.24
519,Gallagher,Conor,Gallagher,19,3,a,NA,NA,,NA,55,0.2,0.0,1183,14,0,0,NA,2.0,TOT,2026-08-03T20:15:49Z,2026-08-03,1,NA,2026-08-21T17:30:00Z,429.24
520,Bergvall,Lucas,Bergvall,19,3,a,NA,NA,,NA,55,0.2,0.0,955,11,0,0,NA,2.0,TOT,2026-08-03T20:15:49Z,2026-08-03,1,NA,2026-08-21T17:30:00Z,429.24
521,Kulusevski,Dejan,Kulusevski,19,3,i,NA,0,Knee injury - Unknown return date,2026-07-23T12:01:23.895175Z,65,0.0,0.0,0,0,0,0,NA,0.0,TOT,2026-08-03T20:15:49Z,2026-08-03,1,NA,2026-08-21T17:30:00Z,429.24
522,Gray,Archie,Gray,19,3,a,NA,NA,,NA,50,0.2,0.0,1471,18,0,0,NA,1.5,TOT,2026-08-03T20:15:49Z,2026-08-03,1,NA,2026-08-21T17:30:00Z,429.24
523,Moore,Mikey,Moore,19,3,a,NA,NA,,NA,50,0.1,0.0,0,0,0,0,NA,1.5,TOT,2026-08-03T20:15:49Z,2026-08-03,1,NA,2026-08-21T17:30:00Z,429.24
524,Olusesi,Callum,Olusesi,19,3,a,NA,NA,,NA,45,0.9,0.0,14,0,0,0,NA,1.0,TOT,2026-08-03T20:15:49Z,2026-08-03,1,NA,2026-08-21T17:30:00Z,429.24
525,Fernandes,Mateus,Fernandes,19,3,a,NA,NA,,NA,60,3.8,0.0,3017,35,0,0,NA,2.1,TOT,2026-08-03T20:15:49Z,2026-08-03,1,NA,2026-08-21T17:30:00Z,429.24
526,Solanke,Dominic,Solanke-Mitchell,19,4,a,NA,NA,,NA,60,2.7,0.0,997,11,0,0,NA,2.0,TOT,2026-08-03T20:15:49Z,2026-08-03,1,NA,2026-08-21T17:30:00Z,429.24
527,Richarlison,Richarlison,de Andrade,19,4,a,NA,NA,,NA,60,1.8,0.0,1954,20,0,0,NA,2.0,TOT,2026-08-03T20:15:49Z,2026-08-03,1,NA,2026-08-21T17:30:00Z,429.24
528,Scarlett,Dane,Scarlett,19,4,a,NA,NA,,NA,45,1.7,0.0,7,0,0,0,NA,1.0,TOT,2026-08-03T20:15:49Z,2026-08-03,1,NA,2026-08-21T17:30:00Z,429.24
529,Roefs,Robin,Roefs,20,1,a,NA,NA,,NA,50,5.3,0.0,3150,35,0,0,NA,2.6,SUN,2026-08-03T20:15:49Z,2026-08-03,1,NA,2026-08-21T17:30:00Z,429.24
530,Patterson,Anthony,Patterson,20,1,a,NA,NA,,NA,40,1.1,0.0,0,0,0,0,NA,1.0,SUN,2026-08-03T20:15:49Z,2026-08-03,1,NA,2026-08-21T17:30:00Z,429.24
531,Ellborg,Melker,Ellborg,20,1,a,NA,NA,,NA,45,0.1,0.0,270,3,0,0,NA,1.9,SUN,2026-08-03T20:15:49Z,2026-08-03,1,NA,2026-08-21T17:30:00Z,429.24
532,Ballard,Daniel,Ballard,20,2,a,NA,NA,,NA,50,3.4,0.0,2144,24,0,0,NA,2.2,SUN,2026-08-03T20:15:49Z,2026-08-03,1,NA,2026-08-21T17:30:00Z,429.24
533,Mukiele,Nordi,Mukiele,20,2,a,NA,NA,,NA,55,7.7,0.0,2784,32,0,0,NA,2.5,SUN,2026-08-03T20:15:49Z,2026-08-03,1,NA,2026-08-21T17:30:00Z,429.24
534,Hume,Trai,Hume,20,2,a,NA,NA,,NA,45,1.9,0.0,3032,34,0,0,NA,1.7,SUN,2026-08-03T20:15:49Z,2026-08-03,1,NA,2026-08-21T17:30:00Z,429.24
535,Alderete,Omar,Alderete,20,2,a,NA,NA,,NA,50,1.2,0.0,2797,32,0,0,NA,2.2,SUN,2026-08-03T20:15:49Z,2026-08-03,1,NA,2026-08-21T17:30:00Z,429.24
536,Reinildo,Reinildo,Mandava,20,2,a,NA,NA,,NA,45,0.5,0.0,1966,23,0,0,NA,1.7,SUN,2026-08-03T20:15:49Z,2026-08-03,1,NA,2026-08-21T17:30:00Z,429.24
537,Seelt,Jenson,Seelt,20,2,a,NA,NA,,NA,45,0.0,0.0,133,1,0,0,NA,1.7,SUN,2026-08-03T20:15:49Z,2026-08-03,1,NA,2026-08-21T17:30:00Z,429.24
538,Hjelde,Leo Fuhr,Hjelde,20,2,a,NA,NA,,NA,40,0.3,0.0,0,0,0,0,NA,1.0,SUN,2026-08-03T20:15:49Z,2026-08-03,1,NA,2026-08-21T17:30:00Z,429.24
539,O'Nien,Luke,O'Nien,20,2,a,NA,NA,,NA,40,2.3,0.0,565,5,0,0,NA,1.0,SUN,2026-08-03T20:15:49Z,2026-08-03,1,NA,2026-08-21T17:30:00Z,429.24
540,Masuaku,Arthur,Masuaku,20,2,a,NA,NA,,NA,40,1.4,0.0,125,2,0,0,NA,1.0,SUN,2026-08-03T20:15:49Z,2026-08-03,1,NA,2026-08-21T17:30:00Z,429.24
541,Meunier,Thomas,Meunier,20,2,a,NA,NA,,NA,45,0.5,0.0,0,0,0,0,NA,1.7,SUN,2026-08-03T20:15:49Z,2026-08-03,1,NA,2026-08-21T17:30:00Z,429.24
542,E.Le Fée,Enzo,Le Fée,20,3,a,NA,NA,,NA,60,12.3,0.0,2930,33,0,0,NA,2.1,SUN,2026-08-03T20:15:49Z,2026-08-03,1,NA,2026-08-21T17:30:00Z,429.24
543,Diarra,Habib,Diarra,20,3,a,NA,NA,,NA,55,0.1,0.0,1403,15,0,0,NA,2.0,SUN,2026-08-03T20:15:49Z,2026-08-03,1,NA,2026-08-21T17:30:00Z,429.24
544,Xhaka,Granit,Xhaka,20,3,a,NA,NA,,NA,55,6.1,0.0,2901,32,0,0,NA,2.0,SUN,2026-08-03T20:15:49Z,2026-08-03,1,NA,2026-08-21T17:30:00Z,429.24
545,Sadiki,Noah,Sadiki,20,3,a,NA,NA,,NA,50,0.4,0.0,2891,33,0,0,NA,1.5,SUN,2026-08-03T20:15:49Z,2026-08-03,1,NA,2026-08-21T17:30:00Z,429.24
546,Adingra,Simon,Adingra,20,3,a,NA,NA,,NA,50,0.3,0.0,649,9,0,0,NA,1.5,SUN,2026-08-03T20:15:49Z,2026-08-03,1,NA,2026-08-21T17:30:00Z,429.24
547,Mundle,Romaine,Mundle,20,3,a,NA,NA,,NA,50,0.0,0.0,399,2,0,0,NA,1.5,SUN,2026-08-03T20:15:49Z,2026-08-03,1,NA,2026-08-21T17:30:00Z,429.24
548,Rigg,Chris,Rigg,20,3,a,NA,NA,,NA,50,0.1,0.0,758,11,0,0,NA,1.5,SUN,2026-08-03T20:15:49Z,2026-08-03,1,NA,2026-08-21T17:30:00Z,429.24
549,Talbi,Chemsdine,Talbi,20,3,a,NA,NA,,NA,55,0.2,0.0,1553,16,0,0,NA,2.0,SUN,2026-08-03T20:15:49Z,2026-08-03,1,NA,2026-08-21T17:30:00Z,429.24
550,Jocelin.T,Djiamgone Jocelin Ta,Bi,20,3,a,NA,NA,,NA,50,0.0,0.0,38,1,0,0,NA,1.5,SUN,2026-08-03T20:15:49Z,2026-08-03,1,NA,2026-08-21T17:30:00Z,429.24
551,Angulo,Nilson,Angulo,20,3,a,NA,NA,,NA,50,0.1,0.0,401,5,0,0,NA,1.5,SUN,2026-08-03T20:15:49Z,2026-08-03,1,NA,2026-08-21T17:30:00Z,429.24
552,Brobbey,Brian,Brobbey,20,4,a,NA,NA,,NA,60,20.9,0.0,1920,22,0,0,NA,2.0,SUN,2026-08-03T20:15:49Z,2026-08-03,1,NA,2026-08-21T17:30:00Z,429.24
553,Isidor,Wilson,Isidor,20,4,a,NA,NA,,NA,55,1.3,0.0,1148,11,0,0,NA,1.8,SUN,2026-08-03T20:15:49Z,2026-08-03,1,NA,2026-08-21T17:30:00Z,429.24
