id,web_name,team,element_type,status,chance_of_playing_this_round,chance_of_playing_next_round,news,news_added,now_cost,selected_by_percent,transfers_in_event,transfers_out_event,form,minutes,snapshot_time
1,Raya,1,1,a,NA,NA,,NA,60,29.8,0,0,0.0,3330,2026-07-27T17:14:20Z
2,Arrizabalaga,1,1,a,NA,NA,,NA,50,0.2,0,0,0.0,90,2026-07-27T17:14:20Z
3,Meslier,1,1,a,NA,NA,,NA,50,0.1,0,0,0.0,0,2026-07-27T17:14:20Z
4,Gabriel,1,2,a,NA,NA,,NA,80,25.4,0,0,0.0,2750,2026-07-27T17:14:20Z
5,J.Timber,1,2,i,NA,0,Groin injury - Expected back 21 Aug,2026-07-23T12:01:23.272929Z,65,0.7,0,0,0.0,2452,2026-07-27T17:14:20Z
6,Saliba,1,2,i,NA,0,Back injury - Unknown return date,2026-07-23T12:01:23.289376Z,60,0.5,0,0,0.0,2614,2026-07-27T17:14:20Z
7,Lewis-Skelly,1,3,a,NA,NA,,NA,55,0.3,0,0,0.0,697,2026-07-27T17:14:20Z
8,Calafiori,1,2,a,NA,NA,,NA,55,13.3,0,0,0.0,1697,2026-07-27T17:14:20Z
9,Hincapie,1,2,a,NA,NA,,NA,55,5.3,0,0,0.0,1787,2026-07-27T17:14:20Z
10,White,1,2,i,NA,0,Knee injury - Expected back 21 Aug,2026-07-23T12:01:23.305229Z,55,0.0,0,0,0.0,699,2026-07-27T17:14:20Z
11,Mosquera,1,2,a,NA,NA,,NA,55,16.8,0,0,0.0,986,2026-07-27T17:14:20Z
12,Saka,1,3,a,NA,NA,,NA,95,10.8,0,0,0.0,2218,2026-07-27T17:14:20Z
13,Rice,1,3,a,NA,NA,,NA,75,21.9,0,0,0.0,3093,2026-07-27T17:14:20Z
14,Eze,1,3,a,NA,NA,,NA,65,3.3,0,0,0.0,1885,2026-07-27T17:14:20Z
15,Ødegaard,1,3,a,NA,NA,,NA,65,2.9,0,0,0.0,1363,2026-07-27T17:14:20Z
16,Madueke,1,3,a,NA,NA,,NA,65,0.4,0,0,0.0,1205,2026-07-27T17:14:20Z
17,Merino,1,3,a,NA,NA,,NA,60,1.2,0,0,0.0,1024,2026-07-27T17:14:20Z
18,Martinelli,1,3,a,NA,NA,,NA,65,0.3,0,0,0.0,1065,2026-07-27T17:14:20Z
19,Zubimendi,1,3,a,NA,NA,,NA,55,1.4,0,0,0.0,2991,2026-07-27T17:14:20Z
20,Dowman,1,3,a,NA,NA,,NA,55,0.2,0,0,0.0,152,2026-07-27T17:14:20Z
21,Nørgaard,1,3,a,NA,NA,,NA,50,0.1,0,0,0.0,101,2026-07-27T17:14:20Z
22,Nwaneri,1,3,a,NA,NA,,NA,55,0.0,0,0,0.0,165,2026-07-27T17:14:20Z
23,Fábio Vieira,1,3,a,NA,NA,,NA,55,0.0,0,0,0.0,0,2026-07-27T17:14:20Z
24,Nelson,1,3,a,NA,NA,,NA,55,0.0,0,0,0.0,118,2026-07-27T17:14:20Z
25,Gyökeres,1,4,a,NA,NA,,NA,75,13.9,0,0,0.0,2217,2026-07-27T17:14:20Z
26,Havertz,1,4,a,NA,NA,,NA,75,4.3,0,0,0.0,577,2026-07-27T17:14:20Z
27,G.Jesus,1,4,a,NA,NA,,NA,60,0.3,0,0,0.0,418,2026-07-27T17:14:20Z
557,Tzolis,1,3,a,NA,NA,,NA,65,1.1,0,0,0.0,0,2026-07-27T17:14:20Z
28,Martinez,2,1,a,NA,NA,,NA,50,4.3,0,0,0.0,2835,2026-07-27T17:14:20Z
29,M.Bizot,2,1,a,NA,NA,,NA,45,0.1,0,0,0.0,585,2026-07-27T17:14:20Z
30,Digne,2,2,a,NA,NA,,NA,45,1.4,0,0,0.0,1842,2026-07-27T17:14:20Z
31,Konsa,2,2,a,NA,NA,,NA,45,19.0,0,0,0.0,3035,2026-07-27T17:14:20Z
32,Cash,2,2,a,NA,NA,,NA,45,8.1,0,0,0.0,3016,2026-07-27T17:14:20Z
33,Mings,2,2,a,NA,NA,,NA,45,0.2,0,0,0.0,1322,2026-07-27T17:14:20Z
34,Pau,2,2,a,NA,NA,,NA,45,0.2,0,0,0.0,1673,2026-07-27T17:14:20Z
35,Bogarde,2,3,a,NA,NA,,NA,50,0.1,0,0,0.0,1042,2026-07-27T17:14:20Z
36,Maatsen,2,2,a,NA,NA,,NA,45,0.6,0,0,0.0,1590,2026-07-27T17:14:20Z
37,Lindelöf,2,2,a,NA,NA,,NA,45,0.2,0,0,0.0,942,2026-07-27T17:14:20Z
38,A.García,2,2,a,NA,NA,,NA,40,1.5,0,0,0.0,83,2026-07-27T17:14:20Z
39,Nedeljkovic,2,2,a,NA,NA,,NA,40,0.4,0,0,0.0,0,2026-07-27T17:14:20Z
41,Buendía,2,3,a,NA,NA,,NA,60,0.8,0,0,0.0,1753,2026-07-27T17:14:20Z
42,Guessand,2,3,a,NA,NA,,NA,55,0.0,0,0,0.0,909,2026-07-27T17:14:20Z
44,Bailey,2,3,a,NA,NA,,NA,55,0.1,0,0,0.0,450,2026-07-27T17:14:20Z
45,McGinn,2,3,a,NA,NA,,NA,55,2.7,0,0,0.0,2136,2026-07-27T17:14:20Z
46,Barkley,2,3,a,NA,NA,,NA,50,0.2,0,0,0.0,844,2026-07-27T17:14:20Z
47,Kamara,2,3,d,NA,75,Knee injury - 75% chance of playing,2026-07-23T12:01:23.337269Z,50,0.1,0,0,0.0,1410,2026-07-27T17:14:20Z
48,Onana,2,3,i,NA,0,Knee injury - Unknown return date,2026-07-23T12:01:23.352497Z,50,0.0,0,0,0.0,1755,2026-07-27T17:14:20Z
49,Iling Jr,2,3,a,NA,NA,,NA,50,0.0,0,0,0.0,0,2026-07-27T17:14:20Z
50,Burrowes,2,3,a,NA,NA,,NA,45,1.1,0,0,0.0,16,2026-07-27T17:14:20Z
51,George Hemmings,2,3,a,NA,NA,,NA,45,0.2,0,0,0.0,25,2026-07-27T17:14:20Z
52,Alysson,2,3,a,NA,NA,,NA,50,0.0,0,0,0.0,47,2026-07-27T17:14:20Z
53,Manzambi,2,3,a,NA,NA,,NA,60,3.1,0,0,0.0,0,2026-07-27T17:14:20Z
54,Gomes,2,3,a,NA,NA,,NA,55,0.3,0,0,0.0,2207,2026-07-27T17:14:20Z
55,Watkins,2,4,a,NA,NA,,NA,80,12.4,0,0,0.0,2833,2026-07-27T17:14:20Z
56,Abraham,2,4,i,NA,0,Shoulder injury - Expected back 23 Aug,2026-07-23T12:01:23.368701Z,55,0.0,0,0,0.0,278,2026-07-27T17:14:20Z
160,Garnacho,2,3,a,NA,NA,,NA,60,1.1,0,0,0.0,1261,2026-07-27T17:14:20Z
57,Petrović,3,1,a,NA,NA,,NA,45,3.5,0,0,0.0,3420,2026-07-27T17:14:20Z
58,Forster,3,1,a,NA,NA,,NA,40,3.2,0,0,0.0,0,2026-07-27T17:14:20Z
59,Dennis,3,1,a,NA,NA,,NA,40,0.2,0,0,0.0,0,2026-07-27T17:14:20Z
60,Hill,3,2,a,NA,NA,,NA,55,1.5,0,0,0.0,2102,2026-07-27T17:14:20Z
61,Truffert,3,2,a,NA,NA,,NA,55,4.7,0,0,0.0,3378,2026-07-27T17:14:20Z
62,Diakité,3,2,a,NA,NA,,NA,50,0.2,0,0,0.0,1275,2026-07-27T17:14:20Z
63,Milosavljević,3,2,a,NA,NA,,NA,50,0.1,0,0,0.0,367,2026-07-27T17:14:20Z
64,Smith,3,2,a,NA,NA,,NA,45,0.1,0,0,0.0,1073,2026-07-27T17:14:20Z
65,J.Araujo,3,2,a,NA,NA,,NA,45,0.1,0,0,0.0,0,2026-07-27T17:14:20Z
66,Soler,3,2,a,NA,NA,,NA,40,0.6,0,0,0.0,34,2026-07-27T17:14:20Z
67,Rayan,3,3,a,NA,NA,,NA,65,3.5,0,0,0.0,1110,2026-07-27T17:14:20Z
68,Tavernier,3,3,a,NA,NA,,NA,60,1.4,0,0,0.0,2732,2026-07-27T17:14:20Z
69,Scott,3,3,a,NA,NA,,NA,60,1.6,0,0,0.0,2848,2026-07-27T17:14:20Z
70,Kluivert,3,3,a,NA,NA,,NA,60,0.8,0,0,0.0,945,2026-07-27T17:14:20Z
71,Cook,3,3,a,NA,NA,,NA,50,0.1,0,0,0.0,872,2026-07-27T17:14:20Z
72,Gannon-Doak,3,3,a,NA,NA,,NA,50,0.2,0,0,0.0,105,2026-07-27T17:14:20Z
73,Adams,3,3,a,NA,NA,,NA,50,0.7,0,0,0.0,1769,2026-07-27T17:14:20Z
74,Brooks,3,3,a,NA,NA,,NA,50,0.2,0,0,0.0,1188,2026-07-27T17:14:20Z
75,Christie,3,3,s,NA,0,Suspended until 29 Aug,2026-07-24T17:30:10.035483Z,50,0.1,0,0,0.0,978,2026-07-27T17:14:20Z
76,Tóth.A,3,3,a,NA,NA,,NA,50,0.0,0,0,0.0,135,2026-07-27T17:14:20Z
77,Adli,3,3,a,NA,NA,,NA,50,0.2,0,0,0.0,1074,2026-07-27T17:14:20Z
78,Kroupi.Jr,3,3,a,NA,NA,,NA,75,13.5,0,0,0.0,1663,2026-07-27T17:14:20Z
79,Evanilson,3,4,a,NA,NA,,NA,60,1.9,0,0,0.0,2741,2026-07-27T17:14:20Z
80,Enes Ünal,3,4,a,NA,NA,,NA,55,0.2,0,0,0.0,214,2026-07-27T17:14:20Z
81,Rodríguez,3,4,a,NA,NA,,NA,60,0.2,0,0,0.0,0,2026-07-27T17:14:20Z
82,Kelleher,4,1,a,NA,NA,,NA,50,5.6,0,0,0.0,3330,2026-07-27T17:14:20Z
83,Valdimarsson,4,1,a,NA,NA,,NA,45,0.1,0,0,0.0,90,2026-07-27T17:14:20Z
84,Collins,4,2,a,NA,NA,,NA,55,2.0,0,0,0.0,2971,2026-07-27T17:14:20Z
85,Van den Berg,4,2,a,NA,NA,,NA,50,0.7,0,0,0.0,2761,2026-07-27T17:14:20Z
86,Lewis-Potter,4,3,a,NA,NA,,NA,55,0.6,0,0,0.0,1960,2026-07-27T17:14:20Z
87,Ajer,4,2,a,NA,NA,,NA,45,0.5,0,0,0.0,1805,2026-07-27T17:14:20Z
88,Kayode,4,2,a,NA,NA,,NA,45,5.0,0,0,0.0,3258,2026-07-27T17:14:20Z
89,Henry,4,2,a,NA,NA,,NA,45,0.2,0,0,0.0,1322,2026-07-27T17:14:20Z
90,Hickey,4,2,a,NA,NA,,NA,45,0.1,0,0,0.0,679,2026-07-27T17:14:20Z
91,Pinnock,4,2,a,NA,NA,,NA,45,0.1,0,0,0.0,318,2026-07-27T17:14:20Z
92,Ji-soo,4,2,a,NA,NA,,NA,45,0.0,0,0,0.0,0,2026-07-27T17:14:20Z
93,Schuster,4,2,a,NA,NA,,NA,45,0.1,0,0,0.0,0,2026-07-27T17:14:20Z
94,Schade,4,3,a,NA,NA,,NA,60,2.1,0,0,0.0,2744,2026-07-27T17:14:20Z
95,O.Dango,4,3,a,NA,NA,,NA,65,1.4,0,0,0.0,2271,2026-07-27T17:14:20Z
96,Damsgaard,4,3,a,NA,NA,,NA,55,0.7,0,0,0.0,2046,2026-07-27T17:14:20Z
97,Jensen,4,3,a,NA,NA,,NA,55,0.1,0,0,0.0,2239,2026-07-27T17:14:20Z
98,Janelt,4,3,a,NA,NA,,NA,50,0.1,0,0,0.0,1434,2026-07-27T17:14:20Z
99,Milambo,4,3,d,NA,75,Knee injury - 75% chance of playing,2026-07-23T12:01:23.384798Z,50,0.0,0,0,0.0,45,2026-07-27T17:14:20Z
100,Carvalho,4,3,i,NA,0,Knee injury - Unknown return date,2026-07-23T12:01:23.400917Z,50,0.0,0,0,0.0,100,2026-07-27T17:14:20Z
101,Henderson,4,3,d,NA,75,Wrist injury - 75% chance of playing,2026-07-23T12:01:23.416721Z,50,0.0,0,0,0.0,1911,2026-07-27T17:14:20Z
102,Yarmoliuk,4,3,a,NA,NA,,NA,50,1.4,0,0,0.0,2652,2026-07-27T17:14:20Z
103,Dasilva,4,3,a,NA,NA,,NA,50,0.0,0,0,0.0,2,2026-07-27T17:14:20Z
105,Anthony,4,3,a,NA,NA,,NA,60,0.3,0,0,0.0,0,2026-07-27T17:14:20Z
106,Thiago,4,4,a,NA,NA,,NA,80,16.6,0,0,0.0,3282,2026-07-27T17:14:20Z
107,Furo,4,4,a,NA,NA,,NA,45,0.9,0,0,0.0,1,2026-07-27T17:14:20Z
108,Wilson,4,4,a,NA,NA,,NA,55,0.4,0,0,0.0,0,2026-07-27T17:14:20Z
109,Verbruggen,5,1,a,NA,NA,,NA,45,16.9,0,0,0.0,3420,2026-07-27T17:14:20Z
110,Rushworth,5,1,a,NA,NA,,NA,45,0.3,0,0,0.0,0,2026-07-27T17:14:20Z
111,Steele,5,1,a,NA,NA,,NA,40,5.4,0,0,0.0,0,2026-07-27T17:14:20Z
113,F.Kadıoğlu,5,2,a,NA,NA,,NA,45,3.1,0,0,0.0,3130,2026-07-27T17:14:20Z
114,Boscagli,5,2,a,NA,NA,,NA,45,0.1,0,0,0.0,799,2026-07-27T17:14:20Z
115,De Cuyper,5,2,a,NA,NA,,NA,45,1.8,0,0,0.0,1404,2026-07-27T17:14:20Z
116,Dunk,5,2,a,NA,NA,,NA,45,0.7,0,0,0.0,2837,2026-07-27T17:14:20Z
117,Coppola,5,2,a,NA,NA,,NA,45,0.0,0,0,0.0,193,2026-07-27T17:14:20Z
118,Igor,5,2,a,NA,NA,,NA,45,0.1,0,0,0.0,103,2026-07-27T17:14:20Z
119,Costinha,5,2,a,NA,NA,,NA,45,0.0,0,0,0.0,0,2026-07-27T17:14:20Z
120,Svoboda,5,2,a,NA,NA,,NA,50,0.1,0,0,0.0,0,2026-07-27T17:14:20Z
121,Mitoma,5,3,i,NA,0,Hamstring injury - Unknown return date,2026-07-24T18:30:10.661894Z,60,0.4,0,0,0.0,1714,2026-07-27T17:14:20Z
122,Minteh,5,3,a,NA,NA,,NA,60,0.7,0,0,0.0,2389,2026-07-27T17:14:20Z
123,Hinshelwood,5,3,a,NA,NA,,NA,60,0.3,0,0,0.0,1736,2026-07-27T17:14:20Z
124,Groß,5,3,a,NA,NA,,NA,55,2.1,0,0,0.0,1636,2026-07-27T17:14:20Z
125,Georginio,5,4,a,NA,NA,,NA,55,0.7,0,0,0.0,1776,2026-07-27T17:14:20Z
126,O'Riley,5,3,a,NA,NA,,NA,55,0.1,0,0,0.0,202,2026-07-27T17:14:20Z
127,Gomez,5,3,a,NA,NA,,NA,50,2.0,0,0,0.0,2117,2026-07-27T17:14:20Z
128,Buonanotte,5,3,a,NA,NA,,NA,50,0.1,0,0,0.0,81,2026-07-27T17:14:20Z
129,Ayari,5,3,a,NA,NA,,NA,55,0.6,0,0,0.0,1921,2026-07-27T17:14:20Z
130,Wieffer,5,2,a,NA,NA,,NA,50,0.3,0,0,0.0,1901,2026-07-27T17:14:20Z
131,Baleba,5,3,a,NA,NA,,NA,50,0.6,0,0,0.0,1646,2026-07-27T17:14:20Z
132,Howell,5,3,a,NA,NA,,NA,45,0.3,0,0,0.0,92,2026-07-27T17:14:20Z
133,Watson,5,3,a,NA,NA,,NA,50,0.0,0,0,0.0,57,2026-07-27T17:14:20Z
134,Oriola,5,3,a,NA,NA,,NA,45,0.2,0,0,0.0,1,2026-07-27T17:14:20Z
135,Yohanna,5,3,a,NA,NA,,NA,50,0.1,0,0,0.0,0,2026-07-27T17:14:20Z
136,Welbeck,5,4,a,NA,NA,,NA,60,3.0,0,0,0.0,2249,2026-07-27T17:14:20Z
137,Tzimas,5,4,d,NA,75,Knee injury - 75% chance of playing,2026-07-23T12:01:23.432796Z,55,0.1,0,0,0.0,132,2026-07-27T17:14:20Z
138,Kostoulas,5,4,a,NA,NA,,NA,55,0.3,0,0,0.0,351,2026-07-27T17:14:20Z
139,Ferguson,5,4,i,NA,0,Ankle injury - Expected back 10 Oct,2026-07-23T12:01:23.448357Z,50,0.0,0,0,0.0,0,2026-07-27T17:14:20Z
328,Struijk,5,2,a,NA,NA,,NA,50,0.5,0,0,0.0,2935,2026-07-27T17:14:20Z
504,Vuskovic,5,2,a,NA,NA,,NA,50,2.5,0,0,0.0,0,2026-07-27T17:14:20Z
40,Rogers,6,3,a,NA,NA,,NA,75,33.8,0,0,0.0,3280,2026-07-27T17:14:20Z
140,Sánchez,6,1,a,NA,NA,,NA,50,2.0,0,0,0.0,3040,2026-07-27T17:14:20Z
141,Jörgensen,6,1,a,NA,NA,,NA,50,0.1,0,0,0.0,378,2026-07-27T17:14:20Z
142,James,6,2,a,NA,NA,,NA,55,8.1,0,0,0.0,1957,2026-07-27T17:14:20Z
143,Chalobah,6,2,a,NA,NA,,NA,55,2.1,0,0,0.0,2780,2026-07-27T17:14:20Z
144,Gusto,6,2,a,NA,NA,,NA,50,1.2,0,0,0.0,2255,2026-07-27T17:14:20Z
145,Fofana,6,2,s,NA,0,Suspended until 6 Sep,2026-07-23T12:01:23.464591Z,50,0.0,0,0,0.0,1718,2026-07-27T17:14:20Z
146,B.Badiashile,6,2,a,NA,NA,,NA,45,0.1,0,0,0.0,470,2026-07-27T17:14:20Z
147,Tosin,6,2,a,NA,NA,,NA,45,0.2,0,0,0.0,788,2026-07-27T17:14:20Z
148,Hato,6,2,a,NA,NA,,NA,45,1.6,0,0,0.0,1139,2026-07-27T17:14:20Z
149,Colwill,6,2,a,NA,NA,,NA,50,2.1,0,0,0.0,225,2026-07-27T17:14:20Z
150,M.Sarr,6,2,a,NA,NA,,NA,45,0.1,0,0,0.0,100,2026-07-27T17:14:20Z
151,Acheampong,6,2,a,NA,NA,,NA,45,0.2,0,0,0.0,657,2026-07-27T17:14:20Z
152,Palestra,6,2,a,NA,NA,,NA,55,1.6,0,0,0.0,0,2026-07-27T17:14:20Z
153,Disasi,6,2,a,NA,NA,,NA,45,0.1,0,0,0.0,0,2026-07-27T17:14:20Z
154,Palmer,6,3,a,NA,NA,,NA,95,13.2,0,0,0.0,1954,2026-07-27T17:14:20Z
155,Enzo,6,3,a,NA,NA,,NA,70,5.1,0,0,0.0,3114,2026-07-27T17:14:20Z
156,Neto,6,3,a,NA,NA,,NA,65,1.2,0,0,0.0,2629,2026-07-27T17:14:20Z
157,Estêvão,6,3,a,NA,NA,,NA,65,1.4,0,0,0.0,839,2026-07-27T17:14:20Z
158,Gittens,6,3,a,NA,NA,,NA,60,0.1,0,0,0.0,486,2026-07-27T17:14:20Z
159,Caicedo,6,3,a,NA,NA,,NA,55,3.8,0,0,0.0,2796,2026-07-27T17:14:20Z
161,Lavia,6,3,a,NA,NA,,NA,50,0.1,0,0,0.0,374,2026-07-27T17:14:20Z
163,D.Essugo,6,3,a,NA,NA,,NA,45,0.2,0,0,0.0,26,2026-07-27T17:14:20Z
164,Quenda,6,3,d,NA,75,Unspecified injury - 75% chance of playing,2026-07-24T20:30:10.609931Z,55,0.1,0,0,0.0,0,2026-07-27T17:14:20Z
165,João Pedro,6,4,a,NA,NA,,NA,75,48.8,0,0,0.0,2658,2026-07-27T17:14:20Z
166,N.Jackson,6,4,a,NA,NA,,NA,65,0.4,0,0,0.0,0,2026-07-27T17:14:20Z
167,Delap,6,4,a,NA,NA,,NA,55,0.5,0,0,0.0,1092,2026-07-27T17:14:20Z
168,Marc Guiu,6,4,a,NA,NA,,NA,50,0.5,0,0,0.0,265,2026-07-27T17:14:20Z
169,Mheuka,6,4,a,NA,NA,,NA,45,0.4,0,0,0.0,1,2026-07-27T17:14:20Z
170,Emegha,6,4,d,NA,75,Hamstring injury - 75% chance of playing,2026-07-24T20:30:10.622380Z,50,0.3,0,0,0.0,0,2026-07-27T17:14:20Z
560,Penders,6,1,a,NA,NA,,NA,45,0.0,0,0,0.0,0,2026-07-27T17:14:20Z
561,Anselmino,6,2,a,NA,NA,,NA,45,0.0,0,0,0.0,0,2026-07-27T17:14:20Z
104,Onyeka,7,3,a,NA,NA,,NA,50,0.2,0,0,0.0,88,2026-07-27T17:14:20Z
171,Dovin,7,1,a,NA,NA,,NA,40,3.5,0,0,0.0,0,2026-07-27T17:14:20Z
172,Wilson,7,1,a,NA,NA,,NA,45,0.8,0,0,0.0,0,2026-07-27T17:14:20Z
173,Thomas,7,2,a,NA,NA,,NA,40,5.2,0,0,0.0,0,2026-07-27T17:14:20Z
174,Kitching,7,2,a,NA,NA,,NA,40,0.4,0,0,0.0,0,2026-07-27T17:14:20Z
175,van Ewijk,7,2,a,NA,NA,,NA,40,17.1,0,0,0.0,0,2026-07-27T17:14:20Z
176,Dasilva,7,2,a,NA,NA,,NA,40,0.5,0,0,0.0,0,2026-07-27T17:14:20Z
177,Kesler-Hayden,7,2,a,NA,NA,,NA,40,0.1,0,0,0.0,0,2026-07-27T17:14:20Z
178,Bidwell,7,2,a,NA,NA,,NA,40,0.1,0,0,0.0,0,2026-07-27T17:14:20Z
179,Latibeaudiere,7,2,a,NA,NA,,NA,40,0.1,0,0,0.0,0,2026-07-27T17:14:20Z
180,Woolfenden,7,2,a,NA,NA,,NA,40,0.3,0,0,0.0,0,2026-07-27T17:14:20Z
181,Brau,7,2,a,NA,NA,,NA,40,0.1,0,0,0.0,0,2026-07-27T17:14:20Z
182,Amenda,7,2,a,NA,NA,,NA,40,0.5,0,0,0.0,0,2026-07-27T17:14:20Z
183,Rudoni,7,3,d,NA,75,Shoulder injury - 75% chance of playing,2026-07-23T12:01:23.481435Z,50,0.3,0,0,0.0,0,2026-07-27T17:14:20Z
184,Grimes,7,3,a,NA,NA,,NA,50,0.2,0,0,0.0,0,2026-07-27T17:14:20Z
185,Sakamoto,7,3,a,NA,NA,,NA,50,0.2,0,0,0.0,0,2026-07-27T17:14:20Z
186,Mason-Clark,7,3,a,NA,NA,,NA,55,0.3,0,0,0.0,0,2026-07-27T17:14:20Z
187,Eccles,7,3,a,NA,NA,,NA,50,0.1,0,0,0.0,0,2026-07-27T17:14:20Z
188,Torp,7,3,a,NA,NA,,NA,55,0.2,0,0,0.0,0,2026-07-27T17:14:20Z
189,Shepherd,7,3,a,NA,NA,,NA,45,0.3,0,0,0.0,0,2026-07-27T17:14:20Z
190,Tchaouna,7,3,a,NA,NA,,NA,55,0.1,0,0,0.0,0,2026-07-27T17:14:20Z
191,Borges Rodrigues,7,3,a,NA,NA,,NA,45,0.2,0,0,0.0,0,2026-07-27T17:14:20Z
192,Andrews,7,3,a,NA,NA,,NA,45,0.7,0,0,0.0,0,2026-07-27T17:14:20Z
193,Wright,7,4,a,NA,NA,,NA,55,1.8,0,0,0.0,0,2026-07-27T17:14:20Z
194,Thomas-Asante,7,4,a,NA,NA,,NA,50,1.0,0,0,0.0,0,2026-07-27T17:14:20Z
195,Simms,7,4,a,NA,NA,,NA,50,0.7,0,0,0.0,0,2026-07-27T17:14:20Z
196,Markelo,7,4,a,NA,NA,,NA,50,0.1,0,0,0.0,0,2026-07-27T17:14:20Z
197,Bassette,7,4,a,NA,NA,,NA,45,1.7,0,0,0.0,0,2026-07-27T17:14:20Z
198,Henderson,8,1,a,NA,NA,,NA,50,3.1,0,0,0.0,3330,2026-07-27T17:14:20Z
199,Benitez,8,1,a,NA,NA,,NA,45,0.1,0,0,0.0,90,2026-07-27T17:14:20Z
200,Lacroix,8,2,a,NA,NA,,NA,60,12.2,0,0,0.0,3085,2026-07-27T17:14:20Z
201,Muñoz,8,2,a,NA,NA,,NA,55,12.4,0,0,0.0,2400,2026-07-27T17:14:20Z
202,Richards,8,2,a,NA,NA,,NA,50,0.8,0,0,0.0,2825,2026-07-27T17:14:20Z
203,Canvot,8,2,a,NA,NA,,NA,50,0.4,0,0,0.0,1331,2026-07-27T17:14:20Z
204,Mitchell,8,2,a,NA,NA,,NA,45,7.5,0,0,0.0,3253,2026-07-27T17:14:20Z
205,Sosa,8,2,a,NA,NA,,NA,45,0.1,0,0,0.0,99,2026-07-27T17:14:20Z
206,Chadi Riad,8,2,a,NA,NA,,NA,45,0.1,0,0,0.0,550,2026-07-27T17:14:20Z
207,Mingueza,8,2,a,NA,NA,,NA,45,0.1,0,0,0.0,0,2026-07-27T17:14:20Z
208,Sarr,8,3,a,NA,NA,,NA,65,11.4,0,0,0.0,2173,2026-07-27T17:14:20Z
209,Johnson,8,3,a,NA,NA,,NA,60,0.2,0,0,0.0,1710,2026-07-27T17:14:20Z
210,Wharton,8,3,d,NA,75,Ankle injury - 75% chance of playing,2026-07-23T12:01:23.498963Z,55,0.2,0,0,0.0,2552,2026-07-27T17:14:20Z
211,Yeremy,8,3,a,NA,NA,,NA,55,0.2,0,0,0.0,2074,2026-07-27T17:14:20Z
212,Hughes,8,3,a,NA,NA,,NA,45,10.1,0,0,0.0,1560,2026-07-27T17:14:20Z
213,Lerma,8,3,a,NA,NA,,NA,50,0.1,0,0,0.0,1722,2026-07-27T17:14:20Z
214,Kamada,8,3,a,NA,NA,,NA,50,0.3,0,0,0.0,1899,2026-07-27T17:14:20Z
215,Devenny,8,3,a,NA,NA,,NA,50,0.0,0,0,0.0,785,2026-07-27T17:14:20Z
216,Esse,8,3,a,NA,NA,,NA,50,0.1,0,0,0.0,40,2026-07-27T17:14:20Z
217,M.França,8,3,a,NA,NA,,NA,50,0.1,0,0,0.0,0,2026-07-27T17:14:20Z
218,Doucouré,8,3,a,NA,NA,,NA,50,0.1,0,0,0.0,0,2026-07-27T17:14:20Z
219,J.Rak-Sakyi,8,3,a,NA,NA,,NA,50,0.0,0,0,0.0,0,2026-07-27T17:14:20Z
220,Cardines,8,2,a,NA,NA,,NA,45,0.0,0,0,0.0,90,2026-07-27T17:14:20Z
221,Drakes-Thomas,8,3,a,NA,NA,,NA,45,0.1,0,0,0.0,7,2026-07-27T17:14:20Z
222,Strand Larsen,8,4,a,NA,NA,,NA,60,0.6,0,0,0.0,2301,2026-07-27T17:14:20Z
223,Mateta,8,4,a,NA,NA,,NA,65,7.6,0,0,0.0,2210,2026-07-27T17:14:20Z
224,Nketiah,8,4,a,NA,NA,,NA,55,0.4,0,0,0.0,414,2026-07-27T17:14:20Z
225,Uche,8,4,u,NA,0,has returned to Getafe CF,2026-07-23T12:18:56.275922Z,50,0.0,0,0,0.0,159,2026-07-27T17:14:20Z
555,Matthews,8,1,a,NA,NA,,NA,40,1.7,0,0,0.0,0,2026-07-27T17:14:20Z
226,Pickford,9,1,a,NA,NA,,NA,55,9.0,0,0,0.0,3420,2026-07-27T17:14:20Z
227,Travers,9,1,a,NA,NA,,NA,50,0.1,0,0,0.0,0,2026-07-27T17:14:20Z
228,King,9,1,a,NA,NA,,NA,45,0.1,0,0,0.0,0,2026-07-27T17:14:20Z
229,Tarkowski,9,2,a,NA,NA,,NA,60,10.1,0,0,0.0,3330,2026-07-27T17:14:20Z
230,Branthwaite,9,2,a,NA,NA,,NA,55,2.0,0,0,0.0,678,2026-07-27T17:14:20Z
231,Keane,9,2,a,NA,NA,,NA,50,1.5,0,0,0.0,2588,2026-07-27T17:14:20Z
232,O'Brien,9,2,a,NA,NA,,NA,50,0.5,0,0,0.0,3118,2026-07-27T17:14:20Z
233,Mykolenko,9,2,a,NA,NA,,NA,45,1.6,0,0,0.0,2959,2026-07-27T17:14:20Z
234,Patterson,9,2,a,NA,NA,,NA,45,0.1,0,0,0.0,238,2026-07-27T17:14:20Z
235,Aznou,9,2,a,NA,NA,,NA,40,0.2,0,0,0.0,0,2026-07-27T17:14:20Z
236,Dewsbury-Hall,9,3,a,NA,NA,,NA,65,4.3,0,0,0.0,2629,2026-07-27T17:14:20Z
237,Ndiaye,9,3,a,NA,NA,,NA,60,21.1,0,0,0.0,2781,2026-07-27T17:14:20Z
239,Garner,9,3,i,NA,0,Groin injury - Expected back 22 Aug,2026-07-25T14:30:10.455878Z,60,1.9,0,0,0.0,3413,2026-07-27T17:14:20Z
240,Iroegbunam,9,3,a,NA,NA,,NA,50,0.1,0,0,0.0,1477,2026-07-27T17:14:20Z
241,McNeil,9,3,a,NA,NA,,NA,55,0.1,0,0,0.0,1161,2026-07-27T17:14:20Z
242,George,9,3,a,NA,NA,,NA,55,0.1,0,0,0.0,351,2026-07-27T17:14:20Z
243,Alcaraz,9,3,a,NA,NA,,NA,50,0.1,0,0,0.0,679,2026-07-27T17:14:20Z
244,Armstrong,9,3,a,NA,NA,,NA,50,0.1,0,0,0.0,524,2026-07-27T17:14:20Z
245,Dibling,9,3,a,NA,NA,,NA,55,0.1,0,0,0.0,349,2026-07-27T17:14:20Z
246,Röhl,9,3,a,NA,NA,,NA,50,0.1,0,0,0.0,675,2026-07-27T17:14:20Z
247,Hackney,9,3,a,NA,NA,,NA,55,0.3,0,0,0.0,0,2026-07-27T17:14:20Z
248,Beto,9,4,a,NA,NA,,NA,55,3.4,0,0,0.0,1551,2026-07-27T17:14:20Z
249,Barry,9,4,a,NA,NA,,NA,55,1.0,0,0,0.0,1898,2026-07-27T17:14:20Z
250,Leno,10,1,a,NA,NA,,NA,45,3.2,0,0,0.0,3420,2026-07-27T17:14:20Z
251,Lecomte,10,1,a,NA,NA,,NA,40,1.5,0,0,0.0,0,2026-07-27T17:14:20Z
252,McNally,10,1,a,NA,NA,,NA,40,0.1,0,0,0.0,0,2026-07-27T17:14:20Z
253,Andersen,10,2,s,NA,0,Suspended until 29 Aug,2026-07-23T12:01:23.516350Z,50,0.1,0,0,0.0,2882,2026-07-27T17:14:20Z
254,Robinson,10,2,a,NA,NA,,NA,45,3.5,0,0,0.0,1487,2026-07-27T17:14:20Z
255,J.Cuenca,10,2,a,NA,NA,,NA,45,0.0,0,0,0.0,935,2026-07-27T17:14:20Z
256,Tete,10,2,a,NA,NA,,NA,45,0.2,0,0,0.0,1791,2026-07-27T17:14:20Z
257,Bassey,10,2,a,NA,NA,,NA,45,0.5,0,0,0.0,2532,2026-07-27T17:14:20Z
258,Castagne,10,2,a,NA,NA,,NA,45,0.2,0,0,0.0,1838,2026-07-27T17:14:20Z
261,Iwobi,10,3,a,NA,NA,,NA,55,0.9,0,0,0.0,2420,2026-07-27T17:14:20Z
262,Smith Rowe,10,3,a,NA,NA,,NA,55,0.4,0,0,0.0,1909,2026-07-27T17:14:20Z
263,Kevin,10,3,a,NA,NA,,NA,55,0.1,0,0,0.0,1030,2026-07-27T17:14:20Z
264,Bobb,10,3,a,NA,NA,,NA,55,0.5,0,0,0.0,1030,2026-07-27T17:14:20Z
265,Berge,10,3,a,NA,NA,,NA,50,0.4,0,0,0.0,2904,2026-07-27T17:14:20Z
266,Cairney,10,3,a,NA,NA,,NA,50,0.0,0,0,0.0,756,2026-07-27T17:14:20Z
267,Lukić,10,3,a,NA,NA,,NA,50,0.1,0,0,0.0,1730,2026-07-27T17:14:20Z
268,King,10,3,a,NA,NA,,NA,55,0.1,0,0,0.0,1290,2026-07-27T17:14:20Z
269,Sessegnon,10,2,a,NA,NA,,NA,45,0.4,0,0,0.0,1816,2026-07-27T17:14:20Z
270,Reed,10,3,a,NA,NA,,NA,45,1.1,0,0,0.0,89,2026-07-27T17:14:20Z
271,Muniz,10,4,a,NA,NA,,NA,55,0.8,0,0,0.0,987,2026-07-27T17:14:20Z
272,Kusi-Asare,10,4,a,NA,NA,,NA,45,8.6,0,0,0.0,49,2026-07-27T17:14:20Z
273,Phillips,11,1,a,NA,NA,,NA,40,2.5,0,0,0.0,0,2026-07-27T17:14:20Z
274,Butland,11,1,a,NA,NA,,NA,45,1.1,0,0,0.0,0,2026-07-27T17:14:20Z
275,Cartwright,11,1,a,NA,NA,,NA,40,0.3,0,0,0.0,0,2026-07-27T17:14:20Z
276,Lo-Tutala,11,1,a,NA,NA,,NA,40,0.2,0,0,0.0,0,2026-07-27T17:14:20Z
277,Egan,11,2,a,NA,NA,,NA,40,0.8,0,0,0.0,0,2026-07-27T17:14:20Z
278,Hughes,11,2,a,NA,NA,,NA,40,2.2,0,0,0.0,0,2026-07-27T17:14:20Z
279,Ajayi,11,2,a,NA,NA,,NA,40,0.6,0,0,0.0,0,2026-07-27T17:14:20Z
280,Coyle,11,2,a,NA,NA,,NA,40,0.4,0,0,0.0,0,2026-07-27T17:14:20Z
281,Drameh,11,2,a,NA,NA,,NA,40,0.1,0,0,0.0,0,2026-07-27T17:14:20Z
282,Giles,11,2,a,NA,NA,,NA,40,0.7,0,0,0.0,0,2026-07-27T17:14:20Z
283,Jacob,11,2,a,NA,NA,,NA,40,0.1,0,0,0.0,0,2026-07-27T17:14:20Z
284,McCarthy,11,2,a,NA,NA,,NA,40,0.1,0,0,0.0,0,2026-07-27T17:14:20Z
285,McNair,11,2,a,NA,NA,,NA,40,0.2,0,0,0.0,0,2026-07-27T17:14:20Z
286,Belloumi,11,3,a,NA,NA,,NA,50,0.6,0,0,0.0,0,2026-07-27T17:14:20Z
287,Millar,11,3,a,NA,NA,,NA,50,0.1,0,0,0.0,0,2026-07-27T17:14:20Z
288,Dowell,11,3,a,NA,NA,,NA,45,0.6,0,0,0.0,0,2026-07-27T17:14:20Z
289,Crooks,11,3,a,NA,NA,,NA,45,0.7,0,0,0.0,0,2026-07-27T17:14:20Z
290,Slater,11,3,a,NA,NA,,NA,45,1.2,0,0,0.0,0,2026-07-27T17:14:20Z
291,Matazo,11,3,i,NA,0,Knee injury - Unknown return date,2026-07-23T12:01:23.532635Z,45,0.0,0,0,0.0,0,2026-07-27T17:14:20Z
292,Ömür,11,3,a,NA,NA,,NA,50,0.0,0,0,0.0,0,2026-07-27T17:14:20Z
293,Kamara,11,3,a,NA,NA,,NA,50,0.1,0,0,0.0,0,2026-07-27T17:14:20Z
294,Zambrano,11,3,a,NA,NA,,NA,45,0.6,0,0,0.0,0,2026-07-27T17:14:20Z
295,McBurnie,11,4,a,NA,NA,,NA,55,2.2,0,0,0.0,0,2026-07-27T17:14:20Z
296,Akintola,11,3,a,NA,NA,,NA,50,0.1,0,0,0.0,0,2026-07-27T17:14:20Z
297,Gyabi,11,3,a,NA,NA,,NA,45,0.2,0,0,0.0,0,2026-07-27T17:14:20Z
298,Destan,11,4,a,NA,NA,,NA,45,2.7,0,0,0.0,0,2026-07-27T17:14:20Z
299,Burstow,11,4,a,NA,NA,,NA,45,1.1,0,0,0.0,0,2026-07-27T17:14:20Z
556,Targett,11,2,a,NA,NA,,NA,40,1.8,0,0,0.0,0,2026-07-27T17:14:20Z
563,Morita,11,3,a,NA,NA,,NA,50,0.0,0,0,0.0,0,2026-07-27T17:14:20Z
259,Diop,12,2,a,NA,NA,,NA,40,21.3,0,0,0.0,812,2026-07-27T17:14:20Z
300,Walton,12,1,a,NA,NA,,NA,45,0.7,0,0,0.0,0,2026-07-27T17:14:20Z
301,Palmer,12,1,a,NA,NA,,NA,40,6.5,0,0,0.0,0,2026-07-27T17:14:20Z
302,Button,12,1,a,NA,NA,,NA,40,0.6,0,0,0.0,0,2026-07-27T17:14:20Z
303,Kipré,12,2,a,NA,NA,,NA,40,0.3,0,0,0.0,0,2026-07-27T17:14:20Z
304,O'Shea,12,2,a,NA,NA,,NA,40,1.2,0,0,0.0,0,2026-07-27T17:14:20Z
305,Davis,12,2,a,NA,NA,,NA,40,4.3,0,0,0.0,0,2026-07-27T17:14:20Z
306,Greaves,12,2,a,NA,NA,,NA,40,0.5,0,0,0.0,0,2026-07-27T17:14:20Z
307,Johnson,12,2,a,NA,NA,,NA,40,0.2,0,0,0.0,0,2026-07-27T17:14:20Z
308,Furlong,12,2,a,NA,NA,,NA,40,0.3,0,0,0.0,0,2026-07-27T17:14:20Z
309,Núñez,12,3,a,NA,NA,,NA,50,0.2,0,0,0.0,0,2026-07-27T17:14:20Z
310,Matusiwa,12,3,a,NA,NA,,NA,50,0.1,0,0,0.0,0,2026-07-27T17:14:20Z
311,Burns,12,3,a,NA,NA,,NA,50,0.1,0,0,0.0,0,2026-07-27T17:14:20Z
312,Taylor,12,3,a,NA,NA,,NA,45,0.5,0,0,0.0,0,2026-07-27T17:14:20Z
313,Clarke,12,3,a,NA,NA,,NA,55,0.3,0,0,0.0,0,2026-07-27T17:14:20Z
314,Ogbene,12,3,a,NA,NA,,NA,50,0.0,0,0,0.0,0,2026-07-27T17:14:20Z
315,Fatawu,12,3,a,NA,NA,,NA,55,0.3,0,0,0.0,0,2026-07-27T17:14:20Z
316,Emersonn,12,4,a,NA,NA,,NA,55,0.4,0,0,0.0,0,2026-07-27T17:14:20Z
317,Hirst,12,4,a,NA,NA,,NA,50,0.5,0,0,0.0,0,2026-07-27T17:14:20Z
318,Philogene,12,3,a,NA,NA,,NA,55,0.2,0,0,0.0,0,2026-07-27T17:14:20Z
319,Szmodics,12,3,a,NA,NA,,NA,50,0.1,0,0,0.0,0,2026-07-27T17:14:20Z
320,Akpom,12,4,a,NA,NA,,NA,50,0.5,0,0,0.0,0,2026-07-27T17:14:20Z
321,Walle Egeli,12,4,a,NA,NA,,NA,45,2.4,0,0,0.0,0,2026-07-27T17:14:20Z
322,Al-Hamadi,12,4,a,NA,NA,,NA,50,0.2,0,0,0.0,0,2026-07-27T17:14:20Z
323,McAteer,12,3,a,NA,NA,,NA,45,2.0,0,0,0.0,0,2026-07-27T17:14:20Z
324,Mehmeti,12,3,a,NA,NA,,NA,50,0.1,0,0,0.0,0,2026-07-27T17:14:20Z
554,Van Oevelen,12,1,a,NA,NA,,NA,45,0.2,0,0,0.0,0,2026-07-27T17:14:20Z
562,Maeda,12,3,a,NA,NA,,NA,55,0.1,0,0,0.0,0,2026-07-27T17:14:20Z
260,Wilson,13,3,a,NA,NA,,NA,65,9.2,0,0,0.0,2674,2026-07-27T17:14:20Z
326,Perri,13,1,a,NA,NA,,NA,45,0.8,0,0,0.0,1440,2026-07-27T17:14:20Z
327,Bijol,13,2,a,NA,NA,,NA,50,0.4,0,0,0.0,1888,2026-07-27T17:14:20Z
329,Rodon,13,2,a,NA,NA,,NA,45,2.2,0,0,0.0,2952,2026-07-27T17:14:20Z
330,Bogle,13,2,a,NA,NA,,NA,45,0.4,0,0,0.0,2795,2026-07-27T17:14:20Z
331,Gudmundsson,13,2,a,NA,NA,,NA,45,0.6,0,0,0.0,2637,2026-07-27T17:14:20Z
332,Justin,13,2,a,NA,NA,,NA,45,0.5,0,0,0.0,1893,2026-07-27T17:14:20Z
333,Bornauw,13,2,a,NA,NA,,NA,45,0.0,0,0,0.0,429,2026-07-27T17:14:20Z
334,Muharemović,13,2,a,NA,NA,,NA,50,0.6,0,0,0.0,0,2026-07-27T17:14:20Z
335,Stach,13,3,a,NA,NA,,NA,60,1.5,0,0,0.0,2369,2026-07-27T17:14:20Z
336,Okafor,13,3,a,NA,NA,,NA,60,0.9,0,0,0.0,1553,2026-07-27T17:14:20Z
337,Aaronson,13,3,a,NA,NA,,NA,55,0.6,0,0,0.0,2449,2026-07-27T17:14:20Z
338,Ampadu,13,3,a,NA,NA,,NA,55,1.3,0,0,0.0,3119,2026-07-27T17:14:20Z
339,Longstaff,13,3,a,NA,NA,,NA,50,0.2,0,0,0.0,1003,2026-07-27T17:14:20Z
340,Gelhardt,13,3,a,NA,NA,,NA,50,0.1,0,0,0.0,0,2026-07-27T17:14:20Z
341,Gnonto,13,3,a,NA,NA,,NA,50,0.1,0,0,0.0,521,2026-07-27T17:14:20Z
342,Harrison,13,3,a,NA,NA,,NA,50,0.1,0,0,0.0,262,2026-07-27T17:14:20Z
343,James,13,3,a,NA,NA,,NA,50,0.1,0,0,0.0,547,2026-07-27T17:14:20Z
344,Gruev,13,3,a,NA,NA,,NA,50,0.0,0,0,0.0,1318,2026-07-27T17:14:20Z
345,Tanaka,13,3,a,NA,NA,,NA,50,0.3,0,0,0.0,1307,2026-07-27T17:14:20Z
346,Calvert-Lewin,13,4,a,NA,NA,,NA,60,17.7,0,0,0.0,2721,2026-07-27T17:14:20Z
347,Nmecha,13,4,a,NA,NA,,NA,55,0.6,0,0,0.0,1065,2026-07-27T17:14:20Z
348,Piroe,13,4,a,NA,NA,,NA,50,0.5,0,0,0.0,244,2026-07-27T17:14:20Z
349,Mateo Joseph,13,4,a,NA,NA,,NA,45,0.6,0,0,0.0,0,2026-07-27T17:14:20Z
350,A.Becker,14,1,a,NA,NA,,NA,55,4.2,0,0,0.0,2340,2026-07-27T17:14:20Z
351,Mamardashvili,14,1,a,NA,NA,,NA,50,0.2,0,0,0.0,867,2026-07-27T17:14:20Z
352,Woodman,14,1,a,NA,NA,,NA,40,1.3,0,0,0.0,212,2026-07-27T17:14:20Z
353,Pecsi,14,1,a,NA,NA,,NA,40,0.1,0,0,0.0,0,2026-07-27T17:14:20Z
354,Jaros,14,1,a,NA,NA,,NA,40,0.1,0,0,0.0,0,2026-07-27T17:14:20Z
355,Davies,14,1,a,NA,NA,,NA,40,0.1,0,0,0.0,0,2026-07-27T17:14:20Z
356,Virgil,14,2,a,NA,NA,,NA,65,15.5,0,0,0.0,3420,2026-07-27T17:14:20Z
357,Frimpong,14,2,a,NA,NA,,NA,55,3.0,0,0,0.0,1032,2026-07-27T17:14:20Z
358,Kerkez,14,2,a,NA,NA,,NA,55,6.3,0,0,0.0,2251,2026-07-27T17:14:20Z
359,Gomez,14,2,i,NA,0,Muscular injury - Unknown return date,2026-07-26T08:30:10.078473Z,50,0.2,0,0,0.0,594,2026-07-27T17:14:20Z
360,Bradley,14,2,i,NA,0,Knee injury - Unknown return date,2026-07-23T12:01:23.565711Z,50,0.0,0,0,0.0,928,2026-07-27T17:14:20Z
361,Lucky,14,2,a,NA,NA,,NA,40,0.1,0,0,0.0,0,2026-07-27T17:14:20Z
362,Jacquet,14,2,a,NA,100,,2026-07-23T12:01:23.581126Z,50,2.4,0,0,0.0,0,2026-07-27T17:14:20Z
363,Leoni,14,2,i,NA,0,Knee injury - Unknown return date,2026-07-23T12:01:23.596909Z,40,0.1,0,0,0.0,0,2026-07-27T17:14:20Z
364,Tsimikas,14,2,a,NA,NA,,NA,50,0.1,0,0,0.0,0,2026-07-27T17:14:20Z
365,Ramsay,14,2,a,NA,NA,,NA,40,0.2,0,0,0.0,0,2026-07-27T17:14:20Z
366,Wirtz,14,3,a,NA,NA,,NA,75,11.0,0,0,0.0,2374,2026-07-27T17:14:20Z
367,Gakpo,14,3,a,NA,NA,,NA,70,3.4,0,0,0.0,2736,2026-07-27T17:14:20Z
368,Szoboszlai,14,3,a,NA,NA,,NA,70,46.0,0,0,0.0,3232,2026-07-27T17:14:20Z
369,Ngumoha,14,3,a,NA,NA,,NA,60,1.6,0,0,0.0,547,2026-07-27T17:14:20Z
370,Chiesa,14,3,a,NA,NA,,NA,55,0.2,0,0,0.0,317,2026-07-27T17:14:20Z
371,Gravenberch,14,3,a,NA,NA,,NA,60,1.7,0,0,0.0,2991,2026-07-27T17:14:20Z
372,Mac Allister,14,3,a,NA,NA,,NA,55,1.9,0,0,0.0,2654,2026-07-27T17:14:20Z
373,C.Jones,14,3,a,NA,NA,,NA,55,0.1,0,0,0.0,1923,2026-07-27T17:14:20Z
374,Endo,14,3,d,NA,75,Ankle injury - 75% chance of playing,2026-07-23T12:01:23.612529Z,50,0.0,0,0,0.0,170,2026-07-27T17:14:20Z
375,Nyoni,14,3,a,NA,NA,,NA,50,0.0,0,0,0.0,21,2026-07-27T17:14:20Z
376,Bajcetic,14,3,i,NA,0,Hamstring injury - Expected back 23 Aug,2026-07-23T12:01:23.628373Z,50,0.0,0,0,0.0,0,2026-07-27T17:14:20Z
377,Munoz,14,3,a,NA,NA,,NA,65,0.8,0,0,0.0,0,2026-07-27T17:14:20Z
378,McConnell,14,3,a,NA,NA,,NA,45,0.2,0,0,0.0,0,2026-07-27T17:14:20Z
379,Isak,14,4,a,NA,NA,,NA,90,11.9,0,0,0.0,694,2026-07-27T17:14:20Z
380,Ekitiké,14,4,i,NA,0,Achilles injury - Unknown return date,2026-07-23T12:01:23.643771Z,75,0.2,0,0,0.0,1797,2026-07-27T17:14:20Z
381,Koumas,14,3,a,NA,NA,,NA,50,0.0,0,0,0.0,0,2026-07-27T17:14:20Z
382,Danns,14,4,i,NA,0,Unspecified injury - Unknown return date,2026-07-23T12:01:23.659279Z,45,0.1,0,0,0.0,0,2026-07-27T17:14:20Z
383,Elliott,14,3,a,NA,NA,,NA,55,0.1,0,0,0.0,110,2026-07-27T17:14:20Z
238,Grealish,15,3,a,NA,NA,,NA,65,0.3,0,0,0.0,1627,2026-07-27T17:14:20Z
384,Donnarumma,15,1,a,NA,NA,,NA,55,11.2,0,0,0.0,3060,2026-07-27T17:14:20Z
385,Trafford,15,1,a,NA,NA,,NA,50,0.8,0,0,0.0,360,2026-07-27T17:14:20Z
386,Bettinelli,15,1,a,NA,NA,,NA,45,0.1,0,0,0.0,0,2026-07-27T17:14:20Z
387,O'Reilly,15,2,a,NA,NA,,NA,65,24.2,0,0,0.0,2643,2026-07-27T17:14:20Z
388,Guéhi,15,2,a,NA,NA,,NA,60,24.9,0,0,0.0,3150,2026-07-27T17:14:20Z
389,Matheus N.,15,2,a,NA,NA,,NA,60,5.5,0,0,0.0,2861,2026-07-27T17:14:20Z
390,Rúben,15,2,a,NA,NA,,NA,55,1.3,0,0,0.0,2139,2026-07-27T17:14:20Z
391,Gvardiol,15,2,a,NA,NA,,NA,55,6.5,0,0,0.0,1370,2026-07-27T17:14:20Z
392,Aït-Nouri,15,2,a,NA,NA,,NA,55,1.0,0,0,0.0,971,2026-07-27T17:14:20Z
393,Khusanov,15,2,a,NA,NA,,NA,55,2.0,0,0,0.0,1427,2026-07-27T17:14:20Z
394,Alleyne,15,2,a,NA,NA,,NA,50,0.0,0,0,0.0,135,2026-07-27T17:14:20Z
395,Lewis,15,2,a,NA,NA,,NA,45,0.2,0,0,0.0,401,2026-07-27T17:14:20Z
396,Vitor Reis,15,2,a,NA,NA,,NA,45,0.0,0,0,0.0,0,2026-07-27T17:14:20Z
397,Semenyo,15,3,a,NA,NA,,NA,85,20.4,0,0,0.0,3200,2026-07-27T17:14:20Z
398,Foden,15,3,a,NA,NA,,NA,70,5.4,0,0,0.0,2078,2026-07-27T17:14:20Z
399,Cherki,15,3,a,NA,NA,,NA,75,9.8,0,0,0.0,1772,2026-07-27T17:14:20Z
400,Doku,15,3,a,NA,NA,,NA,75,6.6,0,0,0.0,1773,2026-07-27T17:14:20Z
401,Marmoush,15,4,a,NA,NA,,NA,70,0.6,0,0,0.0,691,2026-07-27T17:14:20Z
402,Rodrigo,15,3,i,NA,0,Back injury - Unknown return date,2026-07-23T12:01:23.675537Z,65,0.1,0,0,0.0,1510,2026-07-27T17:14:20Z
403,Savinho,15,3,a,NA,NA,,NA,65,0.1,0,0,0.0,817,2026-07-27T17:14:20Z
404,Reijnders,15,3,a,NA,NA,,NA,60,0.3,0,0,0.0,1623,2026-07-27T17:14:20Z
405,N.Gonzalez,15,3,a,NA,NA,,NA,55,0.1,0,0,0.0,1561,2026-07-27T17:14:20Z
406,Kovačić,15,3,a,NA,NA,,NA,55,0.1,0,0,0.0,125,2026-07-27T17:14:20Z
407,Echeverri,15,3,a,NA,NA,,NA,50,0.0,0,0,0.0,0,2026-07-27T17:14:20Z
408,Phillips,15,3,a,NA,NA,,NA,50,0.0,0,0,0.0,0,2026-07-27T17:14:20Z
409,Mukasa,15,3,a,NA,NA,,NA,45,0.1,0,0,0.0,25,2026-07-27T17:14:20Z
410,Monga,15,3,a,NA,NA,,NA,50,0.0,0,0,0.0,0,2026-07-27T17:14:20Z
411,Haaland,15,4,a,NA,NA,,NA,155,75.0,0,0,0.0,2953,2026-07-27T17:14:20Z
481,Anderson,15,3,a,NA,NA,,NA,65,12.2,0,0,0.0,3332,2026-07-27T17:14:20Z
43,Tielemans,16,3,d,NA,75,Hamstring injury - 75% chance of playing,2026-07-23T12:01:23.321726Z,60,1.0,0,0,0.0,1857,2026-07-27T17:14:20Z
162,Andrey Santos,16,3,a,NA,NA,,NA,50,1.5,0,0,0.0,1247,2026-07-27T17:14:20Z
325,Darlow,16,1,d,NA,75,Unspecified injury - 75% chance of playing,2026-07-23T12:01:23.549136Z,45,0.1,0,0,0.0,1980,2026-07-27T17:14:20Z
412,Lammens,16,1,a,NA,NA,,NA,50,20.1,0,0,0.0,2880,2026-07-27T17:14:20Z
413,Bayindir,16,1,a,NA,NA,,NA,45,0.2,0,0,0.0,540,2026-07-27T17:14:20Z
414,Heaton,16,1,a,NA,NA,,NA,40,0.3,0,0,0.0,0,2026-07-27T17:14:20Z
415,Dorgu,16,3,a,NA,NA,,NA,60,2.0,0,0,0.0,1440,2026-07-27T17:14:20Z
416,De Ligt,16,2,i,NA,0,Back injury - Unknown return date,2026-07-23T12:01:23.690880Z,50,0.0,0,0,0.0,1170,2026-07-27T17:14:20Z
417,Dalot,16,2,a,NA,NA,,NA,50,3.3,0,0,0.0,2609,2026-07-27T17:14:20Z
418,Maguire,16,2,a,NA,NA,,NA,50,6.9,0,0,0.0,1649,2026-07-27T17:14:20Z
419,Martinez,16,2,d,NA,75,Thigh injury - 75% chance of playing,2026-07-24T20:00:10.337107Z,50,1.2,0,0,0.0,1229,2026-07-27T17:14:20Z
420,Yoro,16,2,a,NA,NA,,NA,50,0.6,0,0,0.0,1730,2026-07-27T17:14:20Z
421,Heaven,16,2,a,NA,NA,,NA,45,0.4,0,0,0.0,920,2026-07-27T17:14:20Z
422,Mazraoui,16,2,a,NA,NA,,NA,45,0.8,0,0,0.0,977,2026-07-27T17:14:20Z
423,Shaw,16,2,a,NA,NA,,NA,45,21.4,0,0,0.0,3220,2026-07-27T17:14:20Z
424,Amass,16,2,a,NA,NA,,NA,40,0.2,0,0,0.0,0,2026-07-27T17:14:20Z
425,Fredricson,16,2,a,NA,NA,,NA,40,0.1,0,0,0.0,2,2026-07-27T17:14:20Z
426,B.Fernandes,16,3,a,NA,NA,,NA,120,48.8,0,0,0.0,3065,2026-07-27T17:14:20Z
427,Mbeumo,16,3,a,NA,NA,,NA,80,13.3,0,0,0.0,2611,2026-07-27T17:14:20Z
428,Cunha,16,3,a,NA,NA,,NA,80,15.2,0,0,0.0,2493,2026-07-27T17:14:20Z
429,Rashford,16,3,a,NA,NA,,NA,70,1.5,0,0,0.0,0,2026-07-27T17:14:20Z
430,Mount,16,3,a,NA,NA,,NA,55,0.1,0,0,0.0,1010,2026-07-27T17:14:20Z
431,Amad,16,3,a,NA,NA,,NA,60,1.5,0,0,0.0,2339,2026-07-27T17:14:20Z
432,Mainoo,16,3,a,NA,NA,,NA,55,1.3,0,0,0.0,1653,2026-07-27T17:14:20Z
433,Ugarte,16,3,i,NA,0,Knee injury - Unknown return date,2026-07-23T12:01:23.706702Z,50,0.0,0,0,0.0,876,2026-07-27T17:14:20Z
434,J.Fletcher,16,3,a,NA,NA,,NA,50,0.0,0,0,0.0,107,2026-07-27T17:14:20Z
435,Lacey,16,3,a,NA,NA,,NA,50,0.1,0,0,0.0,40,2026-07-27T17:14:20Z
436,Collyer,16,3,a,NA,NA,,NA,50,0.0,0,0,0.0,0,2026-07-27T17:14:20Z
437,Bendito Mantato,16,3,a,NA,NA,,NA,45,0.2,0,0,0.0,15,2026-07-27T17:14:20Z
438,Fletcher,16,3,a,NA,NA,,NA,45,0.3,0,0,0.0,17,2026-07-27T17:14:20Z
439,Šeško,16,4,d,NA,75,Shin injury - 75% chance of playing,2026-07-23T12:01:23.722029Z,70,3.2,0,0,0.0,1630,2026-07-27T17:14:20Z
440,Zirkzee,16,4,a,NA,NA,,NA,55,0.7,0,0,0.0,607,2026-07-27T17:14:20Z
441,Obi,16,4,a,NA,NA,,NA,45,1.2,0,0,0.0,0,2026-07-27T17:14:20Z
442,Pope,17,1,a,NA,NA,,NA,50,1.1,0,0,0.0,2416,2026-07-27T17:14:20Z
443,Gillespie,17,1,a,NA,NA,,NA,45,0.1,0,0,0.0,0,2026-07-27T17:14:20Z
444,Jaouen,17,1,a,NA,NA,,NA,45,0.1,0,0,0.0,0,2026-07-27T17:14:20Z
445,Thiaw,17,2,a,NA,NA,,NA,50,2.5,0,0,0.0,2963,2026-07-27T17:14:20Z
446,Schär,17,2,a,NA,100,,2026-07-23T12:01:23.737715Z,50,0.1,0,0,0.0,1089,2026-07-27T17:14:20Z
447,Botman,17,2,a,NA,NA,,NA,50,0.4,0,0,0.0,1834,2026-07-27T17:14:20Z
448,Burn,17,2,a,NA,NA,,NA,50,2.7,0,0,0.0,2195,2026-07-27T17:14:20Z
449,Hall,17,2,a,NA,NA,,NA,50,4.6,0,0,0.0,2176,2026-07-27T17:14:20Z
450,Livramento,17,2,d,NA,75,Calf injury - 75% chance of playing,2026-07-23T12:01:23.753221Z,50,0.1,0,0,0.0,1326,2026-07-27T17:14:20Z
451,A.Murphy,17,2,a,NA,NA,,NA,40,0.8,0,0,0.0,7,2026-07-27T17:14:20Z
452,Bruno G.,17,3,a,NA,NA,,NA,70,8.1,0,0,0.0,2456,2026-07-27T17:14:20Z
453,Barnes,17,3,a,NA,NA,,NA,60,1.0,0,0,0.0,1951,2026-07-27T17:14:20Z
454,Elanga,17,3,a,NA,NA,,NA,60,0.7,0,0,0.0,1302,2026-07-27T17:14:20Z
456,J.Ramsey,17,3,a,NA,NA,,NA,50,0.5,0,0,0.0,1441,2026-07-27T17:14:20Z
457,J.Murphy,17,3,a,NA,NA,,NA,60,0.2,0,0,0.0,1606,2026-07-27T17:14:20Z
458,Joelinton,17,3,d,NA,75,Thigh injury - 75% chance of playing,2026-07-23T12:01:23.769696Z,55,0.0,0,0,0.0,1950,2026-07-27T17:14:20Z
459,L.Miley,17,3,i,NA,0,Leg injury - Expected back 30 Aug,2026-07-23T12:01:23.785456Z,55,0.0,0,0,0.0,1493,2026-07-27T17:14:20Z
460,Willock,17,3,a,NA,NA,,NA,50,0.1,0,0,0.0,972,2026-07-27T17:14:20Z
461,Touré,17,3,a,NA,NA,,NA,60,0.2,0,0,0.0,0,2026-07-27T17:14:20Z
462,Steur,17,3,a,NA,NA,,NA,50,0.1,0,0,0.0,0,2026-07-27T17:14:20Z
463,Woltemade,17,4,a,NA,NA,,NA,60,1.6,0,0,0.0,1896,2026-07-27T17:14:20Z
464,Wissa,17,4,a,NA,NA,,NA,60,1.5,0,0,0.0,517,2026-07-27T17:14:20Z
465,Osula,17,4,a,NA,NA,,NA,60,2.4,0,0,0.0,805,2026-07-27T17:14:20Z
466,Neave,17,4,a,NA,NA,,NA,45,0.7,0,0,0.0,13,2026-07-27T17:14:20Z
559,Bamba,17,3,a,NA,NA,,NA,50,0.0,0,0,0.0,0,2026-07-27T17:14:20Z
467,Sels,18,1,a,NA,NA,,NA,50,1.4,0,0,0.0,2667,2026-07-27T17:14:20Z
468,John,18,1,a,NA,NA,,NA,45,0.1,0,0,0.0,437,2026-07-27T17:14:20Z
469,N.Williams,18,2,a,NA,NA,,NA,50,12.7,0,0,0.0,3203,2026-07-27T17:14:20Z
470,Morato,18,2,a,NA,NA,,NA,50,0.1,0,0,0.0,1340,2026-07-27T17:14:20Z
471,Milenković,18,2,a,NA,NA,,NA,55,2.3,0,0,0.0,3375,2026-07-27T17:14:20Z
472,Murillo,18,2,d,NA,75,Muscle injury - 75% chance of playing,2026-07-23T12:01:23.801183Z,55,0.2,0,0,0.0,2130,2026-07-27T17:14:20Z
473,Aina,18,2,a,NA,NA,,NA,45,5.0,0,0,0.0,1587,2026-07-27T17:14:20Z
474,Jair Cunha,18,2,a,NA,NA,,NA,45,1.0,0,0,0.0,514,2026-07-27T17:14:20Z
475,Savona,18,2,i,NA,0,Knee injury - Unknown return date,2026-07-23T12:01:23.816304Z,45,0.0,0,0,0.0,1025,2026-07-27T17:14:20Z
476,O.Richards,18,2,a,NA,NA,,NA,40,0.2,0,0,0.0,0,2026-07-27T17:14:20Z
477,Abbott,18,2,a,NA,NA,,NA,40,0.2,0,0,0.0,165,2026-07-27T17:14:20Z
478,Netz,18,2,a,NA,NA,,NA,45,0.0,0,0,0.0,353,2026-07-27T17:14:20Z
479,Bindon,18,2,a,NA,NA,,NA,40,0.2,0,0,0.0,0,2026-07-27T17:14:20Z
480,Gibbs-White,18,3,a,NA,NA,,NA,80,12.7,0,0,0.0,3101,2026-07-27T17:14:20Z
482,Hudson-Odoi,18,3,d,NA,75,Thigh injury - 75% chance of playing,2026-07-23T12:01:23.832709Z,60,0.0,0,0,0.0,1838,2026-07-27T17:14:20Z
483,Ndoye,18,3,a,NA,NA,,NA,55,0.8,0,0,0.0,1167,2026-07-27T17:14:20Z
484,Hutchinson,18,3,a,NA,NA,,NA,55,0.2,0,0,0.0,1676,2026-07-27T17:14:20Z
485,Bakwa,18,3,a,NA,NA,,NA,55,0.0,0,0,0.0,549,2026-07-27T17:14:20Z
486,McAtee,18,3,a,NA,NA,,NA,55,0.1,0,0,0.0,288,2026-07-27T17:14:20Z
487,Dominguez,18,3,a,NA,NA,,NA,50,0.1,0,0,0.0,1168,2026-07-27T17:14:20Z
488,Sangaré,18,3,a,NA,NA,,NA,50,0.4,0,0,0.0,2073,2026-07-27T17:14:20Z
489,Yates,18,3,a,NA,NA,,NA,45,7.5,0,0,0.0,602,2026-07-27T17:14:20Z
490,Wood,18,4,a,NA,NA,,NA,60,1.8,0,0,0.0,896,2026-07-27T17:14:20Z
491,Igor Jesus,18,4,a,NA,NA,,NA,60,4.1,0,0,0.0,2293,2026-07-27T17:14:20Z
492,Awoniyi,18,4,a,NA,NA,,NA,55,0.4,0,0,0.0,480,2026-07-27T17:14:20Z
493,Kalimuendo,18,4,a,NA,NA,,NA,55,0.1,0,0,0.0,89,2026-07-27T17:14:20Z
558,Schlager,18,3,a,NA,NA,,NA,50,0.1,0,0,0.0,0,2026-07-27T17:14:20Z
112,Van Hecke,19,2,a,NA,NA,,NA,50,8.3,0,0,0.0,3210,2026-07-27T17:14:20Z
455,Tonali,19,3,a,NA,NA,,NA,55,3.0,0,0,0.0,2534,2026-07-27T17:14:20Z
494,Vicario,19,1,a,NA,NA,,NA,45,1.7,0,0,0.0,2790,2026-07-27T17:14:20Z
495,Austin,19,1,a,NA,NA,,NA,40,0.6,0,0,0.0,0,2026-07-27T17:14:20Z
496,Kinsky,19,1,a,NA,NA,,NA,45,16.7,0,0,0.0,630,2026-07-27T17:14:20Z
497,Dubravka,19,1,a,NA,NA,,NA,40,24.8,0,0,0.0,3150,2026-07-27T17:14:20Z
498,Senesi,19,2,a,NA,NA,,NA,60,11.7,0,0,0.0,3288,2026-07-27T17:14:20Z
499,Pedro Porro,19,2,a,NA,NA,,NA,55,24.0,0,0,0.0,2793,2026-07-27T17:14:20Z
500,Romero,19,2,a,NA,NA,,NA,50,1.0,0,0,0.0,1869,2026-07-27T17:14:20Z
501,Danso,19,2,a,NA,NA,,NA,50,0.2,0,0,0.0,1489,2026-07-27T17:14:20Z
502,Robertson,19,2,a,NA,NA,,NA,45,1.7,0,0,0.0,1165,2026-07-27T17:14:20Z
503,Van de Ven,19,2,a,NA,NA,,NA,50,6.1,0,0,0.0,3041,2026-07-27T17:14:20Z
505,Spence,19,2,a,NA,NA,,NA,45,10.5,0,0,0.0,2049,2026-07-27T17:14:20Z
506,Udogie,19,2,a,NA,NA,,NA,45,0.4,0,0,0.0,1335,2026-07-27T17:14:20Z
507,Phillips,19,2,a,NA,NA,,NA,45,0.1,0,0,0.0,0,2026-07-27T17:14:20Z
508,Davies,19,2,a,NA,NA,,NA,40,0.7,0,0,0.0,136,2026-07-27T17:14:20Z
509,Byfield,19,2,a,NA,NA,,NA,40,0.1,0,0,0.0,1,2026-07-27T17:14:20Z
510,Rowswell,19,2,a,NA,NA,,NA,40,0.1,0,0,0.0,1,2026-07-27T17:14:20Z
511,Souza,19,2,a,NA,NA,,NA,40,0.3,0,0,0.0,142,2026-07-27T17:14:20Z
512,Kudus,19,3,d,NA,75,Thigh injury - 75% chance of playing,2026-07-23T12:01:23.848657Z,65,0.3,0,0,0.0,1535,2026-07-27T17:14:20Z
513,Xavi,19,3,i,NA,0,Knee injury - Unknown return date,2026-07-23T12:01:23.864304Z,60,0.0,0,0,0.0,1747,2026-07-27T17:14:20Z
514,Tel,19,3,a,NA,NA,,NA,60,0.2,0,0,0.0,1334,2026-07-27T17:14:20Z
515,Maddison,19,3,a,NA,NA,,NA,65,2.6,0,0,0.0,34,2026-07-27T17:14:20Z
516,Bentancur,19,3,a,NA,NA,,NA,55,0.1,0,0,0.0,1880,2026-07-27T17:14:20Z
517,Odobert,19,3,i,NA,0,Knee injury - Unknown return date,2026-07-23T12:01:23.879434Z,55,0.0,0,0,0.0,972,2026-07-27T17:14:20Z
518,P.M.Sarr,19,3,a,NA,NA,,NA,50,0.4,0,0,0.0,1388,2026-07-27T17:14:20Z
519,Gallagher,19,3,a,NA,NA,,NA,55,0.2,0,0,0.0,1183,2026-07-27T17:14:20Z
520,Bergvall,19,3,a,NA,NA,,NA,55,0.2,0,0,0.0,955,2026-07-27T17:14:20Z
521,Kulusevski,19,3,i,NA,0,Knee injury - Unknown return date,2026-07-23T12:01:23.895175Z,65,0.0,0,0,0.0,0,2026-07-27T17:14:20Z
522,Gray,19,3,a,NA,NA,,NA,50,0.2,0,0,0.0,1471,2026-07-27T17:14:20Z
523,Moore,19,3,a,NA,NA,,NA,50,0.1,0,0,0.0,0,2026-07-27T17:14:20Z
524,Olusesi,19,3,a,NA,NA,,NA,45,0.9,0,0,0.0,14,2026-07-27T17:14:20Z
525,Fernandes,19,3,a,NA,NA,,NA,60,4.6,0,0,0.0,3017,2026-07-27T17:14:20Z
526,Solanke,19,4,a,NA,NA,,NA,60,3.4,0,0,0.0,997,2026-07-27T17:14:20Z
527,Richarlison,19,4,a,NA,NA,,NA,60,1.6,0,0,0.0,1954,2026-07-27T17:14:20Z
528,Scarlett,19,4,a,NA,NA,,NA,45,1.7,0,0,0.0,7,2026-07-27T17:14:20Z
529,Roefs,20,1,a,NA,NA,,NA,50,5.8,0,0,0.0,3150,2026-07-27T17:14:20Z
530,Patterson,20,1,a,NA,NA,,NA,40,1.1,0,0,0.0,0,2026-07-27T17:14:20Z
531,Ellborg,20,1,a,NA,NA,,NA,45,0.1,0,0,0.0,270,2026-07-27T17:14:20Z
532,Ballard,20,2,a,NA,NA,,NA,50,2.7,0,0,0.0,2144,2026-07-27T17:14:20Z
533,Mukiele,20,2,a,NA,NA,,NA,55,8.1,0,0,0.0,2784,2026-07-27T17:14:20Z
534,Hume,20,2,a,NA,NA,,NA,45,1.4,0,0,0.0,3032,2026-07-27T17:14:20Z
535,Alderete,20,2,a,NA,NA,,NA,50,1.3,0,0,0.0,2797,2026-07-27T17:14:20Z
536,Reinildo,20,2,a,NA,NA,,NA,45,0.6,0,0,0.0,1966,2026-07-27T17:14:20Z
537,Seelt,20,2,a,NA,NA,,NA,45,0.0,0,0,0.0,133,2026-07-27T17:14:20Z
538,Hjelde,20,2,a,NA,NA,,NA,40,0.4,0,0,0.0,0,2026-07-27T17:14:20Z
539,O'Nien,20,2,a,NA,NA,,NA,40,2.3,0,0,0.0,565,2026-07-27T17:14:20Z
540,Masuaku,20,2,a,NA,NA,,NA,40,1.5,0,0,0.0,125,2026-07-27T17:14:20Z
541,Meunier,20,2,a,NA,NA,,NA,45,0.5,0,0,0.0,0,2026-07-27T17:14:20Z
542,E.Le Fée,20,3,a,NA,NA,,NA,60,7.5,0,0,0.0,2930,2026-07-27T17:14:20Z
543,Diarra,20,3,a,NA,NA,,NA,55,0.1,0,0,0.0,1403,2026-07-27T17:14:20Z
544,Xhaka,20,3,a,NA,NA,,NA,55,6.4,0,0,0.0,2901,2026-07-27T17:14:20Z
545,Sadiki,20,3,a,NA,NA,,NA,50,0.5,0,0,0.0,2891,2026-07-27T17:14:20Z
546,Adingra,20,3,a,NA,NA,,NA,50,0.4,0,0,0.0,649,2026-07-27T17:14:20Z
547,Mundle,20,3,a,NA,NA,,NA,50,0.0,0,0,0.0,399,2026-07-27T17:14:20Z
548,Rigg,20,3,a,NA,NA,,NA,50,0.1,0,0,0.0,758,2026-07-27T17:14:20Z
549,Talbi,20,3,a,NA,NA,,NA,55,0.2,0,0,0.0,1553,2026-07-27T17:14:20Z
550,Jocelin.T,20,3,a,NA,NA,,NA,50,0.0,0,0,0.0,38,2026-07-27T17:14:20Z
551,Angulo,20,3,a,NA,NA,,NA,50,0.1,0,0,0.0,401,2026-07-27T17:14:20Z
552,Brobbey,20,4,a,NA,NA,,NA,60,22.8,0,0,0.0,1920,2026-07-27T17:14:20Z
553,Isidor,20,4,a,NA,NA,,NA,55,1.4,0,0,0.0,1148,2026-07-27T17:14:20Z
